path,positive_labels
content/test/bisping-00001-part43.wav,content
content/test/bisping-00064-part36.wav,content
content/test/bisping-00009-part5.wav,content
content/test/bisping-00047-part43.wav,content
content/test/bisping-00019-part118.wav,content
content/test/bisping-00059-part17.wav,content
content/test/bisping-00043-part16.wav,content
content/test/bisping-00075-part8.wav,content
content/test/bisping-00023-part14.wav,content
content/test/bisping-00061-part38.wav,content
content/test/bisping-00019-part100.wav,content
content/test/bisping-00021-part35.wav,content
content/test/bisping-00020-part84.wav,content
content/test/bisping-00020-part24.wav,content
content/test/bisping-00068-part16.wav,content
content/test/bisping-00046-part23.wav,content
content/test/bisping-00040-part37.wav,content
content/test/bisping-00039-part2.wav,content
content/test/bisping-00030-part28.wav,content
content/test/bisping-00074-part2.wav,content
content/test/bisping-00006-part23.wav,content
content/test/bisping-00027-part15.wav,content
content/test/bisping-00087-part34.wav,content
content/test/bisping-00086-part23.wav,content
content/test/bisping-00008-part74.wav,content
content/test/bisping-00069-part34.wav,content
content/test/bisping-00015-part12.wav,content
content/test/bisping-00061-part79.wav,content
content/test/bisping-00021-part97.wav,content
content/test/bisping-00068-part28.wav,content
content/test/bisping-00002-part31.wav,content
content/test/bisping-00011-part121.wav,content
content/test/bisping-00014-part45.wav,content
content/test/bisping-00062-part5.wav,content
content/test/bisping-00039-part24.wav,content
content/test/bisping-00063-part28.wav,content
content/test/bisping-00073-part42.wav,content
content/test/bisping-00082-part36.wav,content
content/test/bisping-00083-part55.wav,content
content/test/bisping-00007-part97.wav,content
content/test/bisping-00015-part6.wav,content
content/test/bisping-00064-part83.wav,content
content/test/bisping-00075-part12.wav,content
content/test/bisping-00042-part2.wav,content
content/test/bisping-00012-part8.wav,content
content/test/bisping-00067-part8.wav,content
content/test/bisping-00087-part20.wav,content
content/test/bisping-00036-part63.wav,content
content/test/bisping-00038-part68.wav,content
content/test/bisping-00061-part3.wav,content
content/test/bisping-00040-part66.wav,content
content/test/bisping-00053-part15.wav,content
content/test/bisping-00014-part20.wav,content
content/test/bisping-00057-part23.wav,content
content/test/bisping-00058-part5.wav,content
content/test/bisping-00064-part9.wav,content
content/test/bisping-00044-part17.wav,content
content/test/bisping-00041-part23.wav,content
content/test/bisping-00078-part53.wav,content
content/test/bisping-00054-part12.wav,content
content/test/bisping-00066-part79.wav,content
content/test/bisping-00057-part87.wav,content
content/test/bisping-00007-part34.wav,content
content/test/bisping-00045-part29.wav,content
content/test/bisping-00066-part41.wav,content
content/test/bisping-00067-part40.wav,content
content/test/bisping-00037-part60.wav,content
content/test/bisping-00055-part34.wav,content
content/test/bisping-00082-part6.wav,content
content/test/bisping-00039-part16.wav,content
content/test/bisping-00086-part42.wav,content
content/test/bisping-00011-part1.wav,content
content/test/bisping-00082-part49.wav,content
content/test/bisping-00044-part6.wav,content
content/test/bisping-00006-part27.wav,content
content/test/bisping-00018-part21.wav,content
content/test/bisping-00080-part55.wav,content
content/test/bisping-00018-part41.wav,content
content/test/bisping-00017-part18.wav,content
content/test/bisping-00052-part34.wav,content
content/test/bisping-00003-part12.wav,content
content/test/bisping-00054-part10.wav,content
content/test/bisping-00086-part131.wav,content
content/test/bisping-00021-part40.wav,content
content/test/bisping-00048-part19.wav,content
content/test/bisping-00080-part22.wav,content
content/test/bisping-00090-part40.wav,content
content/test/bisping-00011-part55.wav,content
content/test/bisping-00074-part35.wav,content
content/test/bisping-00022-part37.wav,content
content/test/bisping-00003-part36.wav,content
content/test/bisping-00003-part95.wav,content
content/test/bisping-00081-part39.wav,content
content/test/bisping-00011-part20.wav,content
content/test/bisping-00057-part42.wav,content
content/test/bisping-00067-part142.wav,content
content/test/bisping-00087-part21.wav,content
content/test/bisping-00037-part35.wav,content
content/test/bisping-00059-part7.wav,content
content/test/bisping-00057-part19.wav,content
content/test/bisping-00060-part8.wav,content
content/test/bisping-00068-part118.wav,content
content/test/bisping-00061-part100.wav,content
content/test/bisping-00020-part32.wav,content
content/test/bisping-00029-part3.wav,content
content/test/bisping-00005-part1.wav,content
content/test/bisping-00086-part31.wav,content
content/test/bisping-00047-part9.wav,content
content/test/bisping-00057-part78.wav,content
content/test/bisping-00068-part21.wav,content
content/test/bisping-00078-part11.wav,content
content/test/bisping-00007-part2.wav,content
content/test/bisping-00065-part102.wav,content
content/test/bisping-00061-part36.wav,content
content/test/bisping-00007-part73.wav,content
content/test/bisping-00003-part2.wav,content
content/test/bisping-00086-part91.wav,content
content/test/bisping-00078-part4.wav,content
content/test/bisping-00036-part75.wav,content
content/test/bisping-00072-part52.wav,content
content/test/bisping-00024-part8.wav,content
content/test/bisping-00050-part10.wav,content
content/test/bisping-00044-part51.wav,content
content/test/bisping-00057-part77.wav,content
content/test/bisping-00047-part30.wav,content
content/test/bisping-00020-part33.wav,content
content/test/bisping-00032-part21.wav,content
content/test/bisping-00055-part112.wav,content
content/test/bisping-00075-part29.wav,content
content/test/bisping-00038-part19.wav,content
content/test/bisping-00047-part45.wav,content
content/test/bisping-00040-part3.wav,content
content/test/bisping-00077-part3.wav,content
content/test/bisping-00011-part124.wav,content
content/test/bisping-00007-part91.wav,content
content/test/bisping-00008-part36.wav,content
content/test/bisping-00088-part12.wav,content
content/test/bisping-00046-part37.wav,content
content/test/bisping-00019-part16.wav,content
content/test/bisping-00075-part52.wav,content
content/test/bisping-00068-part47.wav,content
content/test/bisping-00067-part132.wav,content
content/test/bisping-00087-part51.wav,content
content/test/bisping-00061-part57.wav,content
content/test/bisping-00021-part94.wav,content
content/test/bisping-00061-part93.wav,content
content/test/bisping-00011-part76.wav,content
content/test/bisping-00078-part9.wav,content
content/test/bisping-00017-part20.wav,content
content/test/bisping-00066-part56.wav,content
content/test/bisping-00087-part25.wav,content
content/test/bisping-00021-part67.wav,content
content/test/bisping-00076-part35.wav,content
content/test/bisping-00056-part19.wav,content
content/test/bisping-00058-part54.wav,content
content/test/bisping-00030-part19.wav,content
content/test/bisping-00043-part30.wav,content
content/test/bisping-00017-part48.wav,content
content/test/bisping-00043-part20.wav,content
content/test/bisping-00001-part63.wav,content
content/test/bisping-00043-part55.wav,content
content/test/bisping-00077-part22.wav,content
content/test/bisping-00062-part11.wav,content
content/test/bisping-00020-part46.wav,content
content/test/bisping-00090-part4.wav,content
content/test/bisping-00017-part84.wav,content
content/test/bisping-00086-part85.wav,content
content/test/bisping-00078-part33.wav,content
content/test/bisping-00069-part22.wav,content
content/test/bisping-00003-part79.wav,content
content/test/bisping-00065-part42.wav,content
content/test/bisping-00044-part25.wav,content
content/test/bisping-00022-part29.wav,content
content/test/bisping-00041-part5.wav,content
content/test/bisping-00012-part95.wav,content
content/test/bisping-00046-part38.wav,content
content/test/bisping-00073-part4.wav,content
content/test/bisping-00069-part14.wav,content
content/test/bisping-00041-part2.wav,content
content/test/bisping-00005-part11.wav,content
content/test/bisping-00067-part69.wav,content
content/test/bisping-00029-part14.wav,content
content/test/bisping-00068-part49.wav,content
content/test/bisping-00066-part84.wav,content
content/test/bisping-00050-part24.wav,content
content/test/bisping-00031-part19.wav,content
content/test/bisping-00078-part36.wav,content
content/test/bisping-00079-part42.wav,content
content/test/bisping-00065-part69.wav,content
content/test/bisping-00055-part36.wav,content
content/test/bisping-00061-part84.wav,content
content/test/bisping-00042-part29.wav,content
content/test/bisping-00011-part35.wav,content
content/test/bisping-00033-part15.wav,content
content/test/bisping-00084-part10.wav,content
content/test/bisping-00004-part10.wav,content
content/test/bisping-00027-part24.wav,content
content/test/bisping-00018-part95.wav,content
content/test/bisping-00040-part82.wav,content
content/test/bisping-00081-part42.wav,content
content/test/bisping-00068-part6.wav,content
content/test/bisping-00054-part41.wav,content
content/test/bisping-00057-part52.wav,content
content/test/bisping-00074-part24.wav,content
content/test/bisping-00055-part105.wav,content
content/test/bisping-00025-part13.wav,content
content/test/bisping-00040-part58.wav,content
content/test/bisping-00008-part64.wav,content
content/test/bisping-00050-part29.wav,content
content/test/bisping-00034-part5.wav,content
content/test/bisping-00041-part30.wav,content
content/test/bisping-00075-part5.wav,content
content/test/bisping-00086-part27.wav,content
content/test/bisping-00047-part29.wav,content
content/test/bisping-00052-part39.wav,content
content/test/bisping-00036-part46.wav,content
content/test/bisping-00058-part4.wav,content
content/test/bisping-00004-part16.wav,content
content/test/bisping-00021-part42.wav,content
content/test/bisping-00056-part15.wav,content
content/test/bisping-00018-part4.wav,content
content/test/bisping-00026-part13.wav,content
content/test/bisping-00021-part36.wav,content
content/test/bisping-00073-part48.wav,content
content/test/bisping-00073-part16.wav,content
content/test/bisping-00068-part52.wav,content
content/test/bisping-00055-part23.wav,content
content/test/bisping-00012-part49.wav,content
content/test/bisping-00041-part44.wav,content
content/test/bisping-00024-part4.wav,content
content/test/bisping-00070-part8.wav,content
content/test/bisping-00036-part43.wav,content
content/test/bisping-00082-part35.wav,content
content/test/bisping-00017-part2.wav,content
content/test/bisping-00081-part37.wav,content
content/test/bisping-00062-part58.wav,content
content/test/bisping-00003-part9.wav,content
content/test/bisping-00068-part117.wav,content
content/test/bisping-00083-part39.wav,content
content/test/bisping-00071-part41.wav,content
content/test/bisping-00034-part13.wav,content
content/test/bisping-00088-part2.wav,content
content/test/bisping-00059-part45.wav,content
content/test/bisping-00017-part16.wav,content
content/test/bisping-00086-part55.wav,content
content/test/bisping-00042-part11.wav,content
content/test/bisping-00068-part69.wav,content
content/test/bisping-00019-part37.wav,content
content/test/bisping-00068-part138.wav,content
content/test/bisping-00035-part2.wav,content
content/test/bisping-00074-part27.wav,content
content/test/bisping-00072-part40.wav,content
content/test/bisping-00081-part24.wav,content
content/test/bisping-00046-part8.wav,content
content/test/bisping-00057-part48.wav,content
content/test/bisping-00040-part88.wav,content
content/test/bisping-00090-part31.wav,content
content/test/bisping-00070-part22.wav,content
content/test/bisping-00009-part48.wav,content
content/test/bisping-00066-part58.wav,content
content/test/bisping-00038-part78.wav,content
content/test/bisping-00055-part27.wav,content
content/test/bisping-00082-part44.wav,content
content/test/bisping-00054-part31.wav,content
content/test/bisping-00043-part59.wav,content
content/test/bisping-00070-part37.wav,content
content/test/bisping-00067-part18.wav,content
content/test/bisping-00029-part11.wav,content
content/test/bisping-00049-part22.wav,content
content/test/bisping-00081-part55.wav,content
content/test/bisping-00001-part11.wav,content
content/test/bisping-00055-part141.wav,content
content/test/bisping-00038-part57.wav,content
content/test/bisping-00013-part46.wav,content
content/test/bisping-00067-part67.wav,content
content/test/bisping-00087-part18.wav,content
content/test/bisping-00056-part4.wav,content
content/test/bisping-00011-part90.wav,content
content/test/bisping-00029-part15.wav,content
content/test/bisping-00070-part49.wav,content
content/test/bisping-00067-part146.wav,content
content/test/bisping-00072-part71.wav,content
content/test/bisping-00048-part49.wav,content
content/test/bisping-00036-part72.wav,content
content/test/bisping-00045-part32.wav,content
content/test/bisping-00052-part45.wav,content
content/test/bisping-00011-part3.wav,content
content/test/bisping-00011-part147.wav,content
content/test/bisping-00060-part23.wav,content
content/test/bisping-00012-part55.wav,content
content/test/bisping-00008-part67.wav,content
content/test/bisping-00075-part6.wav,content
content/test/bisping-00066-part13.wav,content
content/test/bisping-00009-part13.wav,content
content/test/bisping-00047-part16.wav,content
content/test/bisping-00048-part37.wav,content
content/test/bisping-00062-part62.wav,content
content/test/bisping-00065-part78.wav,content
content/test/bisping-00001-part64.wav,content
content/test/bisping-00061-part83.wav,content
content/test/bisping-00036-part62.wav,content
content/test/bisping-00017-part78.wav,content
content/test/bisping-00003-part62.wav,content
content/test/bisping-00032-part18.wav,content
content/test/bisping-00020-part35.wav,content
content/test/bisping-00071-part3.wav,content
content/test/bisping-00019-part96.wav,content
content/test/bisping-00013-part43.wav,content
content/test/bisping-00034-part27.wav,content
content/test/bisping-00076-part40.wav,content
content/test/bisping-00035-part50.wav,content
content/test/bisping-00047-part55.wav,content
content/test/bisping-00068-part101.wav,content
content/test/bisping-00086-part40.wav,content
content/test/bisping-00011-part110.wav,content
content/test/bisping-00008-part58.wav,content
content/test/bisping-00014-part44.wav,content
content/test/bisping-00021-part87.wav,content
content/test/bisping-00082-part17.wav,content
content/test/bisping-00082-part40.wav,content
content/test/bisping-00046-part46.wav,content
content/test/bisping-00061-part91.wav,content
content/test/bisping-00012-part98.wav,content
content/test/bisping-00019-part106.wav,content
content/test/bisping-00038-part18.wav,content
content/test/bisping-00054-part7.wav,content
content/test/bisping-00081-part56.wav,content
content/test/bisping-00069-part1.wav,content
content/test/bisping-00012-part14.wav,content
content/test/bisping-00036-part56.wav,content
content/test/bisping-00018-part51.wav,content
content/test/bisping-00037-part10.wav,content
content/test/bisping-00021-part12.wav,content
content/test/bisping-00027-part38.wav,content
content/test/bisping-00018-part93.wav,content
content/test/bisping-00078-part22.wav,content
content/test/bisping-00012-part40.wav,content
content/test/bisping-00066-part60.wav,content
content/test/bisping-00037-part63.wav,content
content/test/bisping-00080-part25.wav,content
content/test/bisping-00066-part43.wav,content
content/test/bisping-00056-part22.wav,content
content/test/bisping-00034-part23.wav,content
content/test/bisping-00061-part94.wav,content
content/test/bisping-00035-part3.wav,content
content/test/bisping-00072-part61.wav,content
content/test/bisping-00008-part33.wav,content
content/test/bisping-00018-part94.wav,content
content/test/bisping-00008-part5.wav,content
content/test/bisping-00002-part62.wav,content
content/test/bisping-00047-part8.wav,content
content/test/bisping-00089-part4.wav,content
content/test/bisping-00083-part48.wav,content
content/test/bisping-00012-part6.wav,content
content/test/bisping-00004-part7.wav,content
content/test/bisping-00053-part20.wav,content
content/test/bisping-00064-part82.wav,content
content/test/bisping-00070-part21.wav,content
content/test/bisping-00017-part11.wav,content
content/test/bisping-00015-part19.wav,content
content/test/bisping-00011-part69.wav,content
content/test/bisping-00041-part10.wav,content
content/test/bisping-00012-part47.wav,content
content/test/bisping-00086-part69.wav,content
content/test/bisping-00063-part7.wav,content
content/test/bisping-00072-part6.wav,content
content/test/bisping-00066-part21.wav,content
content/test/bisping-00012-part4.wav,content
content/test/bisping-00022-part17.wav,content
content/test/bisping-00036-part57.wav,content
content/test/bisping-00040-part91.wav,content
content/test/bisping-00017-part125.wav,content
content/test/bisping-00027-part29.wav,content
content/test/bisping-00061-part43.wav,content
content/test/bisping-00052-part24.wav,content
content/test/bisping-00075-part45.wav,content
content/test/bisping-00062-part48.wav,content
content/test/bisping-00046-part2.wav,content
content/test/bisping-00050-part12.wav,content
content/test/bisping-00061-part72.wav,content
content/test/bisping-00034-part62.wav,content
content/test/bisping-00018-part29.wav,content
content/test/bisping-00024-part3.wav,content
content/test/bisping-00067-part135.wav,content
content/test/bisping-00007-part74.wav,content
content/test/bisping-00021-part11.wav,content
content/test/bisping-00064-part31.wav,content
content/test/bisping-00037-part48.wav,content
content/test/bisping-00017-part105.wav,content
content/test/bisping-00062-part66.wav,content
content/test/bisping-00055-part77.wav,content
content/test/bisping-00026-part15.wav,content
content/test/bisping-00017-part91.wav,content
content/test/bisping-00061-part51.wav,content
content/test/bisping-00090-part33.wav,content
content/test/bisping-00003-part46.wav,content
content/test/bisping-00018-part43.wav,content
content/test/bisping-00005-part23.wav,content
content/test/bisping-00004-part38.wav,content
content/test/bisping-00055-part125.wav,content
content/test/bisping-00052-part18.wav,content
content/test/bisping-00036-part28.wav,content
content/test/bisping-00006-part20.wav,content
content/test/bisping-00040-part69.wav,content
content/test/bisping-00066-part83.wav,content
content/test/bisping-00081-part13.wav,content
content/test/bisping-00040-part8.wav,content
content/test/bisping-00041-part50.wav,content
content/test/bisping-00012-part89.wav,content
content/test/bisping-00012-part35.wav,content
content/test/bisping-00075-part1.wav,content
content/test/bisping-00086-part116.wav,content
content/test/bisping-00067-part117.wav,content
content/test/bisping-00068-part99.wav,content
content/test/bisping-00006-part21.wav,content
content/test/bisping-00036-part89.wav,content
content/test/bisping-00061-part97.wav,content
content/test/bisping-00039-part4.wav,content
content/test/bisping-00012-part61.wav,content
content/test/bisping-00076-part5.wav,content
content/test/bisping-00065-part9.wav,content
content/test/bisping-00058-part49.wav,content
content/test/bisping-00090-part30.wav,content
content/test/bisping-00007-part62.wav,content
content/test/bisping-00065-part98.wav,content
content/test/bisping-00080-part30.wav,content
content/test/bisping-00011-part151.wav,content
content/test/bisping-00057-part12.wav,content
content/test/bisping-00087-part27.wav,content
content/test/bisping-00019-part5.wav,content
content/test/bisping-00086-part17.wav,content
content/test/bisping-00061-part78.wav,content
content/test/bisping-00020-part123.wav,content
content/test/bisping-00041-part54.wav,content
content/test/bisping-00002-part5.wav,content
content/test/bisping-00065-part7.wav,content
content/test/bisping-00055-part142.wav,content
content/test/bisping-00062-part64.wav,content
content/test/bisping-00002-part27.wav,content
content/test/bisping-00083-part60.wav,content
content/test/bisping-00021-part53.wav,content
content/test/bisping-00086-part63.wav,content
content/test/bisping-00004-part56.wav,content
content/test/bisping-00055-part75.wav,content
content/test/bisping-00065-part26.wav,content
content/test/bisping-00066-part26.wav,content
content/test/bisping-00001-part13.wav,content
content/test/bisping-00036-part40.wav,content
content/test/bisping-00067-part120.wav,content
content/test/bisping-00065-part12.wav,content
content/test/bisping-00071-part35.wav,content
content/test/bisping-00051-part14.wav,content
content/test/bisping-00015-part35.wav,content
content/test/bisping-00055-part67.wav,content
content/test/bisping-00020-part78.wav,content
content/test/bisping-00082-part1.wav,content
content/test/bisping-00067-part123.wav,content
content/test/bisping-00017-part113.wav,content
content/test/bisping-00018-part9.wav,content
content/test/bisping-00011-part44.wav,content
content/test/bisping-00011-part36.wav,content
content/test/bisping-00067-part122.wav,content
content/test/bisping-00021-part74.wav,content
content/test/bisping-00086-part52.wav,content
content/test/bisping-00086-part97.wav,content
content/test/bisping-00035-part28.wav,content
content/test/bisping-00064-part99.wav,content
content/test/bisping-00057-part36.wav,content
content/test/bisping-00072-part4.wav,content
content/test/bisping-00073-part31.wav,content
content/test/bisping-00008-part29.wav,content
content/test/bisping-00079-part48.wav,content
content/test/bisping-00034-part60.wav,content
content/test/bisping-00072-part65.wav,content
content/test/bisping-00007-part96.wav,content
content/test/bisping-00078-part18.wav,content
content/test/bisping-00011-part132.wav,content
content/test/bisping-00038-part67.wav,content
content/test/bisping-00047-part12.wav,content
content/test/bisping-00021-part30.wav,content
content/test/bisping-00061-part21.wav,content
content/test/bisping-00053-part38.wav,content
content/test/bisping-00071-part31.wav,content
content/test/bisping-00086-part86.wav,content
content/test/bisping-00087-part22.wav,content
content/test/bisping-00019-part40.wav,content
content/test/bisping-00027-part20.wav,content
content/test/bisping-00081-part17.wav,content
content/test/bisping-00020-part3.wav,content
content/test/bisping-00017-part65.wav,content
content/test/bisping-00040-part56.wav,content
content/test/bisping-00075-part67.wav,content
content/test/bisping-00065-part33.wav,content
content/test/bisping-00067-part121.wav,content
content/test/bisping-00027-part31.wav,content
content/test/bisping-00090-part44.wav,content
content/test/bisping-00022-part1.wav,content
content/test/bisping-00055-part73.wav,content
content/test/bisping-00017-part10.wav,content
content/test/bisping-00055-part131.wav,content
content/test/bisping-00073-part9.wav,content
content/test/bisping-00075-part53.wav,content
content/test/bisping-00062-part38.wav,content
content/test/bisping-00014-part42.wav,content
content/test/bisping-00055-part101.wav,content
content/test/bisping-00066-part54.wav,content
content/test/bisping-00040-part35.wav,content
content/test/bisping-00072-part69.wav,content
content/test/bisping-00053-part43.wav,content
content/test/bisping-00057-part75.wav,content
content/test/bisping-00033-part18.wav,content
content/test/bisping-00019-part99.wav,content
content/test/bisping-00076-part2.wav,content
content/test/bisping-00011-part58.wav,content
content/test/bisping-00077-part16.wav,content
content/test/bisping-00008-part60.wav,content
content/test/bisping-00007-part52.wav,content
content/test/bisping-00057-part73.wav,content
content/test/bisping-00072-part30.wav,content
content/test/bisping-00014-part43.wav,content
content/test/bisping-00033-part34.wav,content
content/test/bisping-00076-part38.wav,content
content/test/bisping-00050-part20.wav,content
content/test/bisping-00087-part6.wav,content
content/test/bisping-00053-part33.wav,content
content/test/bisping-00010-part7.wav,content
content/test/bisping-00043-part27.wav,content
content/test/bisping-00001-part45.wav,content
content/test/bisping-00053-part31.wav,content
content/test/bisping-00054-part40.wav,content
content/test/bisping-00068-part110.wav,content
content/test/bisping-00011-part11.wav,content
content/test/bisping-00075-part42.wav,content
content/test/bisping-00039-part18.wav,content
content/test/bisping-00071-part36.wav,content
content/test/bisping-00012-part20.wav,content
content/test/bisping-00062-part59.wav,content
content/test/bisping-00020-part76.wav,content
content/test/bisping-00028-part8.wav,content
content/test/bisping-00013-part9.wav,content
content/test/bisping-00019-part79.wav,content
content/test/bisping-00017-part57.wav,content
content/test/bisping-00043-part34.wav,content
content/test/bisping-00053-part7.wav,content
content/test/bisping-00001-part69.wav,content
content/test/bisping-00017-part114.wav,content
content/test/bisping-00081-part3.wav,content
content/test/bisping-00044-part74.wav,content
content/test/bisping-00048-part23.wav,content
content/test/bisping-00045-part23.wav,content
content/test/bisping-00055-part9.wav,content
content/test/bisping-00020-part130.wav,content
content/test/bisping-00050-part56.wav,content
content/test/bisping-00014-part33.wav,content
content/test/bisping-00086-part82.wav,content
content/test/bisping-00041-part38.wav,content
content/test/bisping-00055-part110.wav,content
content/test/bisping-00055-part12.wav,content
content/test/bisping-00026-part17.wav,content
content/test/bisping-00058-part35.wav,content
content/test/bisping-00059-part49.wav,content
content/test/bisping-00080-part52.wav,content
content/test/bisping-00055-part72.wav,content
content/test/bisping-00044-part76.wav,content
content/test/bisping-00011-part142.wav,content
content/test/bisping-00046-part28.wav,content
content/test/bisping-00069-part5.wav,content
content/test/bisping-00073-part24.wav,content
content/test/bisping-00044-part69.wav,content
content/test/bisping-00055-part108.wav,content
content/test/bisping-00020-part110.wav,content
content/test/bisping-00079-part6.wav,content
content/test/bisping-00036-part49.wav,content
content/test/bisping-00055-part97.wav,content
content/test/bisping-00034-part9.wav,content
content/test/bisping-00017-part82.wav,content
content/test/bisping-00017-part42.wav,content
content/test/bisping-00083-part12.wav,content
content/test/bisping-00012-part30.wav,content
content/test/bisping-00018-part26.wav,content
content/test/bisping-00058-part26.wav,content
content/test/bisping-00066-part85.wav,content
content/test/bisping-00086-part100.wav,content
content/test/bisping-00067-part30.wav,content
content/test/bisping-00043-part23.wav,content
content/test/bisping-00034-part64.wav,content
content/test/bisping-00059-part2.wav,content
content/test/bisping-00042-part4.wav,content
content/test/bisping-00066-part31.wav,content
content/test/bisping-00038-part58.wav,content
content/test/bisping-00054-part36.wav,content
content/test/bisping-00026-part5.wav,content
content/test/bisping-00078-part32.wav,content
content/test/bisping-00038-part10.wav,content
content/test/bisping-00062-part41.wav,content
content/test/bisping-00017-part35.wav,content
content/test/bisping-00086-part139.wav,content
content/test/bisping-00064-part3.wav,content
content/test/bisping-00055-part44.wav,content
content/test/bisping-00018-part80.wav,content
content/test/bisping-00055-part26.wav,content
content/test/bisping-00008-part49.wav,content
content/test/bisping-00040-part11.wav,content
content/test/bisping-00027-part36.wav,content
content/test/bisping-00054-part3.wav,content
content/test/bisping-00004-part4.wav,content
content/test/bisping-00086-part135.wav,content
content/test/bisping-00055-part92.wav,content
content/test/bisping-00061-part12.wav,content
content/test/bisping-00032-part13.wav,content
content/test/bisping-00003-part59.wav,content
content/test/bisping-00007-part43.wav,content
content/test/bisping-00059-part55.wav,content
content/test/bisping-00049-part44.wav,content
content/test/bisping-00063-part26.wav,content
content/test/bisping-00067-part72.wav,content
content/test/bisping-00037-part7.wav,content
content/test/bisping-00061-part4.wav,content
content/test/bisping-00019-part43.wav,content
content/test/bisping-00015-part26.wav,content
content/test/bisping-00067-part143.wav,content
content/test/bisping-00017-part128.wav,content
content/test/bisping-00071-part2.wav,content
content/test/bisping-00075-part59.wav,content
content/test/bisping-00016-part6.wav,content
content/test/bisping-00026-part10.wav,content
content/test/bisping-00083-part17.wav,content
content/test/bisping-00080-part19.wav,content
content/test/bisping-00076-part9.wav,content
content/test/bisping-00046-part7.wav,content
content/test/bisping-00086-part126.wav,content
content/test/bisping-00060-part18.wav,content
content/test/bisping-00049-part82.wav,content
content/test/bisping-00038-part95.wav,content
content/test/bisping-00040-part79.wav,content
content/test/bisping-00027-part11.wav,content
content/test/bisping-00009-part27.wav,content
content/test/bisping-00053-part41.wav,content
content/test/bisping-00075-part66.wav,content
content/test/bisping-00002-part54.wav,content
content/test/bisping-00019-part13.wav,content
content/test/bisping-00046-part33.wav,content
content/test/bisping-00006-part17.wav,content
content/test/bisping-00065-part56.wav,content
content/test/bisping-00048-part1.wav,content
content/test/bisping-00087-part8.wav,content
content/test/bisping-00055-part68.wav,content
content/test/bisping-00007-part54.wav,content
content/test/bisping-00033-part7.wav,content
content/test/bisping-00089-part12.wav,content
content/test/bisping-00075-part40.wav,content
content/test/bisping-00083-part44.wav,content
content/test/bisping-00027-part8.wav,content
content/test/bisping-00061-part32.wav,content
content/test/bisping-00004-part2.wav,content
content/test/bisping-00022-part25.wav,content
content/test/bisping-00039-part42.wav,content
content/test/bisping-00007-part78.wav,content
content/test/bisping-00036-part78.wav,content
content/test/bisping-00007-part72.wav,content
content/test/bisping-00006-part18.wav,content
content/test/bisping-00021-part6.wav,content
content/test/bisping-00018-part38.wav,content
content/test/bisping-00061-part101.wav,content
content/test/bisping-00037-part3.wav,content
content/test/bisping-00075-part17.wav,content
content/test/bisping-00077-part43.wav,content
content/test/bisping-00067-part102.wav,content
content/test/bisping-00083-part52.wav,content
content/test/bisping-00038-part1.wav,content
content/test/bisping-00019-part91.wav,content
content/test/bisping-00009-part63.wav,content
content/test/bisping-00057-part58.wav,content
content/test/bisping-00013-part42.wav,content
content/test/bisping-00015-part27.wav,content
content/test/bisping-00005-part6.wav,content
content/test/bisping-00047-part31.wav,content
content/test/bisping-00065-part15.wav,content
content/test/bisping-00045-part52.wav,content
content/test/bisping-00022-part13.wav,content
content/test/bisping-00081-part53.wav,content
content/test/bisping-00061-part75.wav,content
content/test/bisping-00035-part12.wav,content
content/test/bisping-00037-part43.wav,content
content/test/bisping-00012-part53.wav,content
content/test/bisping-00040-part49.wav,content
content/test/bisping-00003-part88.wav,content
content/test/bisping-00006-part28.wav,content
content/test/bisping-00019-part47.wav,content
content/test/bisping-00068-part98.wav,content
content/test/bisping-00070-part39.wav,content
content/test/bisping-00030-part18.wav,content
content/test/bisping-00042-part36.wav,content
content/test/bisping-00037-part32.wav,content
content/test/bisping-00067-part43.wav,content
content/test/bisping-00070-part17.wav,content
content/test/bisping-00020-part45.wav,content
content/test/bisping-00052-part21.wav,content
content/test/bisping-00066-part73.wav,content
content/test/bisping-00071-part40.wav,content
content/test/bisping-00055-part17.wav,content
content/test/bisping-00002-part57.wav,content
content/test/bisping-00004-part23.wav,content
content/test/bisping-00013-part31.wav,content
content/test/bisping-00004-part8.wav,content
content/test/bisping-00080-part53.wav,content
content/test/bisping-00054-part16.wav,content
content/test/bisping-00048-part39.wav,content
content/test/bisping-00066-part3.wav,content
content/test/bisping-00057-part20.wav,content
content/test/bisping-00064-part38.wav,content
content/test/bisping-00055-part62.wav,content
content/test/bisping-00040-part17.wav,content
content/test/bisping-00007-part10.wav,content
content/test/bisping-00057-part55.wav,content
content/test/bisping-00019-part19.wav,content
content/test/bisping-00012-part25.wav,content
content/test/bisping-00079-part33.wav,content
content/test/bisping-00017-part93.wav,content
content/test/bisping-00017-part117.wav,content
content/test/bisping-00055-part48.wav,content
content/test/bisping-00051-part6.wav,content
content/test/bisping-00055-part2.wav,content
content/test/bisping-00069-part31.wav,content
content/test/bisping-00063-part75.wav,content
content/test/bisping-00027-part19.wav,content
content/test/bisping-00055-part103.wav,content
content/test/bisping-00024-part15.wav,content
content/test/bisping-00020-part60.wav,content
content/test/bisping-00049-part80.wav,content
content/test/bisping-00087-part43.wav,content
content/test/bisping-00033-part4.wav,content
content/test/bisping-00019-part17.wav,content
content/test/bisping-00064-part29.wav,content
content/test/bisping-00018-part19.wav,content
content/test/bisping-00019-part39.wav,content
content/test/bisping-00075-part10.wav,content
content/test/bisping-00043-part9.wav,content
content/test/bisping-00090-part19.wav,content
content/test/bisping-00021-part85.wav,content
content/test/bisping-00036-part65.wav,content
content/test/bisping-00063-part18.wav,content
content/test/bisping-00054-part2.wav,content
content/test/bisping-00026-part2.wav,content
content/test/bisping-00066-part2.wav,content
content/test/bisping-00070-part66.wav,content
content/test/bisping-00033-part22.wav,content
content/test/bisping-00049-part72.wav,content
content/test/bisping-00042-part10.wav,content
content/test/bisping-00076-part13.wav,content
content/test/bisping-00068-part61.wav,content
content/test/bisping-00061-part65.wav,content
content/test/bisping-00052-part30.wav,content
content/test/bisping-00013-part32.wav,content
content/test/bisping-00061-part45.wav,content
content/test/bisping-00065-part36.wav,content
content/test/bisping-00063-part79.wav,content
content/test/bisping-00020-part103.wav,content
content/test/bisping-00037-part39.wav,content
content/test/bisping-00052-part13.wav,content
content/test/bisping-00074-part10.wav,content
content/test/bisping-00020-part102.wav,content
content/test/bisping-00063-part53.wav,content
content/test/bisping-00021-part79.wav,content
content/test/bisping-00009-part43.wav,content
content/test/bisping-00079-part21.wav,content
content/test/bisping-00049-part4.wav,content
content/test/bisping-00072-part41.wav,content
content/test/bisping-00007-part25.wav,content
content/test/bisping-00086-part33.wav,content
content/test/bisping-00018-part74.wav,content
content/test/bisping-00050-part35.wav,content
content/test/bisping-00035-part57.wav,content
content/test/bisping-00007-part28.wav,content
content/test/bisping-00057-part32.wav,content
content/test/bisping-00017-part37.wav,content
content/test/bisping-00017-part110.wav,content
content/test/bisping-00059-part35.wav,content
content/test/bisping-00040-part40.wav,content
content/test/bisping-00076-part44.wav,content
content/test/bisping-00014-part31.wav,content
content/test/bisping-00050-part61.wav,content
content/test/bisping-00078-part5.wav,content
content/test/bisping-00074-part39.wav,content
content/test/bisping-00063-part63.wav,content
content/test/bisping-00055-part47.wav,content
content/test/bisping-00063-part73.wav,content
content/test/bisping-00081-part11.wav,content
content/test/bisping-00003-part78.wav,content
content/test/bisping-00071-part14.wav,content
content/test/bisping-00034-part46.wav,content
content/test/bisping-00044-part46.wav,content
content/test/bisping-00020-part21.wav,content
content/test/bisping-00019-part108.wav,content
content/test/bisping-00009-part31.wav,content
content/test/bisping-00050-part30.wav,content
content/test/bisping-00069-part15.wav,content
content/test/bisping-00084-part3.wav,content
content/test/bisping-00066-part30.wav,content
content/test/bisping-00065-part95.wav,content
content/test/bisping-00020-part23.wav,content
content/test/bisping-00079-part1.wav,content
content/test/bisping-00031-part4.wav,content
content/test/bisping-00081-part10.wav,content
content/test/bisping-00031-part15.wav,content
content/test/bisping-00037-part23.wav,content
content/test/bisping-00042-part40.wav,content
content/test/bisping-00061-part30.wav,content
content/test/bisping-00061-part59.wav,content
content/test/bisping-00086-part66.wav,content
content/test/bisping-00057-part70.wav,content
content/test/bisping-00063-part49.wav,content
content/test/bisping-00081-part51.wav,content
content/test/bisping-00019-part62.wav,content
content/test/bisping-00059-part79.wav,content
content/test/bisping-00064-part56.wav,content
content/test/bisping-00047-part41.wav,content
content/test/bisping-00086-part142.wav,content
content/test/bisping-00053-part4.wav,content
content/test/bisping-00033-part28.wav,content
content/test/bisping-00076-part28.wav,content
content/test/bisping-00062-part73.wav,content
content/test/bisping-00075-part27.wav,content
content/test/bisping-00017-part29.wav,content
content/test/bisping-00003-part13.wav,content
content/test/bisping-00079-part19.wav,content
content/test/bisping-00039-part17.wav,content
content/test/bisping-00049-part67.wav,content
content/test/bisping-00064-part98.wav,content
content/test/bisping-00052-part51.wav,content
content/test/bisping-00086-part72.wav,content
content/test/bisping-00004-part42.wav,content
content/test/bisping-00090-part32.wav,content
content/test/bisping-00029-part5.wav,content
content/test/bisping-00054-part22.wav,content
content/test/bisping-00014-part30.wav,content
content/test/bisping-00052-part33.wav,content
content/test/bisping-00026-part11.wav,content
content/test/bisping-00061-part82.wav,content
content/test/bisping-00013-part2.wav,content
content/test/bisping-00055-part136.wav,content
content/test/bisping-00047-part77.wav,content
content/test/bisping-00055-part41.wav,content
content/test/bisping-00040-part2.wav,content
content/test/bisping-00020-part7.wav,content
content/test/bisping-00044-part28.wav,content
content/test/bisping-00090-part14.wav,content
content/test/bisping-00084-part13.wav,content
content/test/bisping-00062-part31.wav,content
content/test/bisping-00037-part25.wav,content
content/test/bisping-00019-part83.wav,content
content/test/bisping-00058-part27.wav,content
content/test/bisping-00060-part24.wav,content
content/test/bisping-00054-part24.wav,content
content/test/bisping-00030-part15.wav,content
content/test/bisping-00003-part75.wav,content
content/test/bisping-00073-part36.wav,content
content/test/bisping-00049-part56.wav,content
content/test/bisping-00021-part43.wav,content
content/test/bisping-00035-part17.wav,content
content/test/bisping-00067-part82.wav,content
content/test/bisping-00089-part5.wav,content
content/test/bisping-00027-part26.wav,content
content/test/bisping-00007-part56.wav,content
content/test/bisping-00087-part4.wav,content
content/test/bisping-00017-part64.wav,content
content/test/bisping-00082-part5.wav,content
content/test/bisping-00018-part63.wav,content
content/test/bisping-00036-part83.wav,content
content/test/bisping-00002-part42.wav,content
content/test/bisping-00084-part7.wav,content
content/test/bisping-00075-part41.wav,content
content/test/bisping-00018-part60.wav,content
content/test/bisping-00035-part23.wav,content
content/test/bisping-00021-part62.wav,content
content/test/bisping-00054-part15.wav,content
content/test/bisping-00070-part34.wav,content
content/test/bisping-00040-part81.wav,content
content/test/bisping-00047-part76.wav,content
content/test/bisping-00058-part40.wav,content
content/test/bisping-00060-part27.wav,content
content/test/bisping-00040-part54.wav,content
content/test/bisping-00073-part15.wav,content
content/test/bisping-00034-part59.wav,content
content/test/bisping-00089-part16.wav,content
content/test/bisping-00001-part15.wav,content
content/test/bisping-00086-part21.wav,content
content/test/bisping-00019-part84.wav,content
content/test/bisping-00050-part25.wav,content
content/test/bisping-00013-part24.wav,content
content/test/bisping-00058-part33.wav,content
content/test/bisping-00062-part39.wav,content
content/test/bisping-00042-part15.wav,content
content/test/bisping-00037-part27.wav,content
content/test/bisping-00058-part42.wav,content
content/test/bisping-00024-part17.wav,content
content/test/bisping-00021-part27.wav,content
content/test/bisping-00014-part48.wav,content
content/test/bisping-00057-part64.wav,content
content/test/bisping-00003-part35.wav,content
content/test/bisping-00004-part11.wav,content
content/test/bisping-00004-part21.wav,content
content/test/bisping-00048-part3.wav,content
content/test/bisping-00034-part44.wav,content
content/test/bisping-00005-part19.wav,content
content/test/bisping-00002-part9.wav,content
content/test/bisping-00077-part10.wav,content
content/test/bisping-00006-part16.wav,content
content/test/bisping-00077-part35.wav,content
content/test/bisping-00029-part1.wav,content
content/test/bisping-00042-part35.wav,content
content/test/bisping-00019-part104.wav,content
content/test/bisping-00078-part24.wav,content
content/test/bisping-00045-part14.wav,content
content/test/bisping-00009-part47.wav,content
content/test/bisping-00018-part12.wav,content
content/test/bisping-00072-part48.wav,content
content/test/bisping-00028-part5.wav,content
content/test/bisping-00037-part56.wav,content
content/test/bisping-00055-part42.wav,content
content/test/bisping-00049-part7.wav,content
content/test/bisping-00019-part89.wav,content
content/test/bisping-00040-part63.wav,content
content/test/bisping-00069-part9.wav,content
content/test/bisping-00021-part82.wav,content
content/test/bisping-00012-part45.wav,content
content/test/bisping-00037-part79.wav,content
content/test/bisping-00041-part4.wav,content
content/test/bisping-00075-part20.wav,content
content/test/bisping-00077-part4.wav,content
content/test/bisping-00017-part33.wav,content
content/test/bisping-00088-part9.wav,content
content/test/bisping-00007-part102.wav,content
content/test/bisping-00057-part40.wav,content
content/test/bisping-00057-part50.wav,content
content/test/bisping-00025-part3.wav,content
content/test/bisping-00087-part13.wav,content
content/test/bisping-00055-part37.wav,content
content/test/bisping-00066-part25.wav,content
content/test/bisping-00047-part57.wav,content
content/test/bisping-00078-part58.wav,content
content/test/bisping-00059-part44.wav,content
content/test/bisping-00033-part9.wav,content
content/test/bisping-00063-part11.wav,content
content/test/bisping-00081-part32.wav,content
content/test/bisping-00011-part128.wav,content
content/test/bisping-00044-part84.wav,content
content/test/bisping-00034-part45.wav,content
content/test/bisping-00075-part11.wav,content
content/test/bisping-00072-part55.wav,content
content/test/bisping-00020-part44.wav,content
content/test/bisping-00084-part8.wav,content
content/test/bisping-00016-part22.wav,content
content/test/bisping-00057-part4.wav,content
content/test/bisping-00080-part12.wav,content
content/test/bisping-00040-part89.wav,content
content/test/bisping-00061-part8.wav,content
content/test/bisping-00037-part16.wav,content
content/test/bisping-00012-part26.wav,content
content/test/bisping-00055-part146.wav,content
content/test/bisping-00013-part47.wav,content
content/test/bisping-00010-part14.wav,content
content/test/bisping-00043-part40.wav,content
content/test/bisping-00072-part8.wav,content
content/test/bisping-00012-part7.wav,content
content/test/bisping-00086-part84.wav,content
content/test/bisping-00019-part82.wav,content
content/test/bisping-00082-part23.wav,content
content/test/bisping-00086-part6.wav,content
content/test/bisping-00049-part85.wav,content
content/test/bisping-00019-part71.wav,content
content/test/bisping-00020-part2.wav,content
content/test/bisping-00035-part20.wav,content
content/test/bisping-00075-part13.wav,content
content/test/bisping-00078-part14.wav,content
content/test/bisping-00067-part49.wav,content
content/test/bisping-00011-part80.wav,content
content/test/bisping-00067-part56.wav,content
content/test/bisping-00055-part138.wav,content
content/test/bisping-00082-part30.wav,content
content/test/bisping-00035-part53.wav,content
content/test/bisping-00037-part40.wav,content
content/test/bisping-00073-part10.wav,content
content/test/bisping-00023-part22.wav,content
content/test/bisping-00076-part41.wav,content
content/test/bisping-00067-part105.wav,content
content/test/bisping-00030-part17.wav,content
content/test/bisping-00003-part11.wav,content
content/test/bisping-00061-part87.wav,content
content/test/bisping-00024-part25.wav,content
content/test/bisping-00006-part42.wav,content
content/test/bisping-00069-part20.wav,content
content/test/bisping-00045-part33.wav,content
content/test/bisping-00012-part68.wav,content
content/test/bisping-00052-part53.wav,content
content/test/bisping-00055-part134.wav,content
content/test/bisping-00063-part42.wav,content
content/test/bisping-00077-part44.wav,content
content/test/bisping-00025-part8.wav,content
content/test/bisping-00028-part7.wav,content
content/test/bisping-00016-part16.wav,content
content/test/bisping-00008-part37.wav,content
content/test/bisping-00059-part14.wav,content
content/test/bisping-00020-part118.wav,content
content/test/bisping-00046-part43.wav,content
content/test/bisping-00072-part53.wav,content
content/test/bisping-00049-part21.wav,content
content/test/bisping-00017-part76.wav,content
content/test/bisping-00016-part7.wav,content
content/test/bisping-00066-part15.wav,content
content/test/bisping-00065-part43.wav,content
content/test/bisping-00067-part112.wav,content
content/test/bisping-00065-part18.wav,content
content/test/bisping-00011-part105.wav,content
content/test/bisping-00043-part1.wav,content
content/test/bisping-00014-part21.wav,content
content/test/bisping-00070-part65.wav,content
content/test/bisping-00064-part73.wav,content
content/test/bisping-00017-part59.wav,content
content/test/bisping-00079-part49.wav,content
content/test/bisping-00022-part16.wav,content
content/test/bisping-00054-part52.wav,content
content/test/bisping-00008-part32.wav,content
content/test/bisping-00064-part55.wav,content
content/test/bisping-00072-part29.wav,content
content/test/bisping-00082-part46.wav,content
content/test/bisping-00052-part4.wav,content
content/test/bisping-00008-part47.wav,content
content/test/bisping-00006-part15.wav,content
content/test/bisping-00022-part2.wav,content
content/test/bisping-00020-part4.wav,content
content/test/bisping-00051-part19.wav,content
content/test/bisping-00076-part36.wav,content
content/test/bisping-00002-part60.wav,content
content/test/bisping-00002-part47.wav,content
content/test/bisping-00053-part19.wav,content
content/test/bisping-00021-part99.wav,content
content/test/bisping-00019-part101.wav,content
content/test/bisping-00012-part85.wav,content
content/test/bisping-00043-part47.wav,content
content/test/bisping-00018-part87.wav,content
content/test/bisping-00075-part73.wav,content
content/test/bisping-00047-part39.wav,content
content/test/bisping-00076-part8.wav,content
content/test/bisping-00008-part24.wav,content
content/test/bisping-00062-part44.wav,content
content/test/bisping-00045-part46.wav,content
content/test/bisping-00041-part9.wav,content
content/test/bisping-00074-part15.wav,content
content/test/bisping-00034-part33.wav,content
content/test/bisping-00003-part4.wav,content
content/test/bisping-00015-part14.wav,content
content/test/bisping-00067-part108.wav,content
content/test/bisping-00019-part67.wav,content
content/test/bisping-00086-part102.wav,content
content/test/bisping-00067-part115.wav,content
content/test/bisping-00030-part7.wav,content
content/test/bisping-00001-part55.wav,content
content/test/bisping-00055-part99.wav,content
content/test/bisping-00066-part44.wav,content
content/test/bisping-00011-part107.wav,content
content/test/bisping-00021-part92.wav,content
content/test/bisping-00021-part22.wav,content
content/test/bisping-00080-part39.wav,content
content/test/bisping-00049-part13.wav,content
content/test/bisping-00081-part29.wav,content
content/test/bisping-00069-part30.wav,content
content/test/bisping-00080-part41.wav,content
content/test/bisping-00001-part41.wav,content
content/test/bisping-00080-part26.wav,content
content/test/bisping-00079-part46.wav,content
content/test/bisping-00052-part44.wav,content
content/test/bisping-00046-part53.wav,content
content/test/bisping-00085-part16.wav,content
content/test/bisping-00077-part8.wav,content
content/test/bisping-00040-part4.wav,content
content/test/bisping-00049-part54.wav,content
content/test/bisping-00052-part55.wav,content
content/test/bisping-00019-part72.wav,content
content/test/bisping-00055-part51.wav,content
content/test/bisping-00078-part31.wav,content
content/test/bisping-00046-part51.wav,content
content/test/bisping-00035-part55.wav,content
content/test/bisping-00087-part47.wav,content
content/test/bisping-00070-part55.wav,content
content/test/bisping-00070-part54.wav,content
content/test/bisping-00047-part11.wav,content
content/test/bisping-00063-part54.wav,content
content/test/bisping-00083-part4.wav,content
content/test/bisping-00019-part60.wav,content
content/test/bisping-00087-part45.wav,content
content/test/bisping-00018-part10.wav,content
content/test/bisping-00060-part12.wav,content
content/test/bisping-00049-part26.wav,content
content/test/bisping-00013-part16.wav,content
content/test/bisping-00040-part39.wav,content
content/test/bisping-00049-part2.wav,content
content/test/bisping-00068-part79.wav,content
content/test/bisping-00075-part55.wav,content
content/test/bisping-00014-part47.wav,content
content/test/bisping-00038-part5.wav,content
content/test/bisping-00037-part51.wav,content
content/test/bisping-00019-part121.wav,content
content/test/bisping-00070-part47.wav,content
content/test/bisping-00038-part72.wav,content
content/test/bisping-00041-part16.wav,content
content/test/bisping-00067-part65.wav,content
content/test/bisping-00023-part5.wav,content
content/test/bisping-00086-part149.wav,content
content/test/bisping-00007-part63.wav,content
content/test/bisping-00063-part30.wav,content
content/test/bisping-00062-part25.wav,content
content/test/bisping-00088-part3.wav,content
content/test/bisping-00065-part86.wav,content
content/test/bisping-00004-part28.wav,content
content/test/bisping-00070-part56.wav,content
content/test/bisping-00072-part18.wav,content
content/test/bisping-00009-part19.wav,content
content/test/bisping-00007-part16.wav,content
content/test/bisping-00012-part59.wav,content
content/test/bisping-00052-part37.wav,content
content/test/bisping-00041-part15.wav,content
content/test/bisping-00055-part111.wav,content
content/test/bisping-00064-part25.wav,content
content/test/bisping-00071-part18.wav,content
content/test/bisping-00069-part33.wav,content
content/test/bisping-00065-part100.wav,content
content/test/bisping-00086-part92.wav,content
content/test/bisping-00012-part50.wav,content
content/test/bisping-00075-part71.wav,content
content/test/bisping-00061-part9.wav,content
content/test/bisping-00033-part24.wav,content
content/test/bisping-00027-part23.wav,content
content/test/bisping-00014-part6.wav,content
content/test/bisping-00017-part52.wav,content
content/test/bisping-00003-part7.wav,content
content/test/bisping-00064-part90.wav,content
content/test/bisping-00045-part50.wav,content
content/test/bisping-00055-part102.wav,content
content/test/bisping-00044-part24.wav,content
content/test/bisping-00065-part24.wav,content
content/test/bisping-00034-part41.wav,content
content/test/bisping-00051-part5.wav,content
content/test/bisping-00057-part79.wav,content
content/test/bisping-00067-part12.wav,content
content/test/bisping-00055-part15.wav,content
content/test/bisping-00061-part70.wav,content
content/test/bisping-00022-part15.wav,content
content/test/bisping-00003-part37.wav,content
content/test/bisping-00066-part36.wav,content
content/test/bisping-00077-part12.wav,content
content/test/bisping-00008-part1.wav,content
content/test/bisping-00063-part69.wav,content
content/test/bisping-00013-part34.wav,content
content/test/bisping-00047-part21.wav,content
content/test/bisping-00058-part32.wav,content
content/test/bisping-00065-part58.wav,content
content/test/bisping-00040-part85.wav,content
content/test/bisping-00064-part65.wav,content
content/test/bisping-00030-part4.wav,content
content/test/bisping-00058-part9.wav,content
ad/test/ad-636-part1.wav,ad
ad/test/ad-1073-part2.wav,ad
ad/test/ad-1768-part2.wav,ad
ad/test/ad-1956-part1.wav,ad
ad/test/ad-1678-part1.wav,ad
ad/test/ad-337-part2.wav,ad
ad/test/ad-1109-part1.wav,ad
ad/test/ad-1795-part3.wav,ad
ad/test/ad-1901-part2.wav,ad
ad/test/ad-572-part2.wav,ad
ad/test/ad-334-part4.wav,ad
ad/test/ad-1829-part2.wav,ad
ad/test/ad-508-part3.wav,ad
ad/test/ad-1605-part3.wav,ad
ad/test/ad-983-part2.wav,ad
ad/test/ad-1604-part1.wav,ad
ad/test/ad-401-part1.wav,ad
ad/test/ad-842-part3.wav,ad
ad/test/ad-357-part2.wav,ad
ad/test/ad-1850-part3.wav,ad
ad/test/ad-2199-part4.wav,ad
ad/test/ad-1406-part3.wav,ad
ad/test/ad-1861-part2.wav,ad
ad/test/ad-161-part1.wav,ad
ad/test/ad-1554-part2.wav,ad
ad/test/ad-468-part3.wav,ad
ad/test/ad-1576-part4.wav,ad
ad/test/ad-2023-part6.wav,ad
ad/test/ad-1066-part3.wav,ad
ad/test/ad-1292-part1.wav,ad
ad/test/ad-1994-part4.wav,ad
ad/test/ad-1832-part2.wav,ad
ad/test/ad-849-part3.wav,ad
ad/test/ad-781-part3.wav,ad
ad/test/ad-2155-part3.wav,ad
ad/test/ad-612-part1.wav,ad
ad/test/ad-36-part2.wav,ad
ad/test/ad-2267-part2.wav,ad
ad/test/ad-709-part2.wav,ad
ad/test/ad-2213-part1.wav,ad
ad/test/ad-931-part3.wav,ad
ad/test/ad-766-part2.wav,ad
ad/test/ad-1774-part3.wav,ad
ad/test/ad-551-part2.wav,ad
ad/test/ad-1852-part4.wav,ad
ad/test/ad-1174-part2.wav,ad
ad/test/ad-215-part1.wav,ad
ad/test/ad-23-part1.wav,ad
ad/test/ad-1452-part1.wav,ad
ad/test/ad-2226-part3.wav,ad
ad/test/ad-144-part3.wav,ad
ad/test/ad-1378-part1.wav,ad
ad/test/ad-933-part1.wav,ad
ad/test/ad-2008-part2.wav,ad
ad/test/ad-1153-part3.wav,ad
ad/test/ad-2188-part1.wav,ad
ad/test/ad-1784-part2.wav,ad
ad/test/ad-201-part2.wav,ad
ad/test/ad-1744-part1.wav,ad
ad/test/ad-148-part3.wav,ad
ad/test/ad-725-part2.wav,ad
ad/test/ad-1608-part1.wav,ad
ad/test/ad-782-part1.wav,ad
ad/test/ad-1379-part2.wav,ad
ad/test/ad-887-part1.wav,ad
ad/test/ad-1515-part2.wav,ad
ad/test/ad-2296-part3.wav,ad
ad/test/ad-1893-part1.wav,ad
ad/test/ad-563-part4.wav,ad
ad/test/ad-1972-part1.wav,ad
ad/test/ad-1653-part3.wav,ad
ad/test/ad-1201-part2.wav,ad
ad/test/ad-1549-part2.wav,ad
ad/test/ad-1092-part1.wav,ad
ad/test/ad-652-part3.wav,ad
ad/test/ad-46-part3.wav,ad
ad/test/ad-1779-part3.wav,ad
ad/test/ad-1008-part4.wav,ad
ad/test/ad-1025-part2.wav,ad
ad/test/ad-1609-part1.wav,ad
ad/test/ad-1575-part2.wav,ad
ad/test/ad-1732-part1.wav,ad
ad/test/ad-920-part2.wav,ad
ad/test/ad-184-part1.wav,ad
ad/test/ad-67-part1.wav,ad
ad/test/ad-1596-part3.wav,ad
ad/test/ad-1773-part2.wav,ad
ad/test/ad-582-part3.wav,ad
ad/test/ad-2230-part3.wav,ad
ad/test/ad-1592-part4.wav,ad
ad/test/ad-544-part1.wav,ad
ad/test/ad-1626-part3.wav,ad
ad/test/ad-233-part1.wav,ad
ad/test/ad-1074-part3.wav,ad
ad/test/ad-2297-part2.wav,ad
ad/test/ad-435-part1.wav,ad
ad/test/ad-621-part4.wav,ad
ad/test/ad-2167-part1.wav,ad
ad/test/ad-1134-part2.wav,ad
ad/test/ad-376-part3.wav,ad
ad/test/ad-1034-part1.wav,ad
ad/test/ad-1660-part2.wav,ad
ad/test/ad-626-part2.wav,ad
ad/test/ad-1020-part1.wav,ad
ad/test/ad-1715-part3.wav,ad
ad/test/ad-76-part1.wav,ad
ad/test/ad-538-part1.wav,ad
ad/test/ad-2014-part2.wav,ad
ad/test/ad-2180-part1.wav,ad
ad/test/ad-1610-part1.wav,ad
ad/test/ad-1013-part1.wav,ad
ad/test/ad-285-part3.wav,ad
ad/test/ad-145-part2.wav,ad
ad/test/ad-1385-part1.wav,ad
ad/test/ad-1039-part2.wav,ad
ad/test/ad-156-part1.wav,ad
ad/test/ad-1068-part3.wav,ad
ad/test/ad-1793-part2.wav,ad
ad/test/ad-64-part1.wav,ad
ad/test/ad-873-part4.wav,ad
ad/test/ad-2270-part1.wav,ad
ad/test/ad-1176-part3.wav,ad
ad/test/ad-1887-part2.wav,ad
ad/test/ad-1454-part3.wav,ad
ad/test/ad-712-part2.wav,ad
ad/test/ad-1926-part2.wav,ad
ad/test/ad-557-part2.wav,ad
ad/test/ad-1494-part2.wav,ad
ad/test/ad-1752-part1.wav,ad
ad/test/ad-2163-part2.wav,ad
ad/test/ad-949-part2.wav,ad
ad/test/ad-796-part2.wav,ad
ad/test/ad-2-part2.wav,ad
ad/test/ad-899-part1.wav,ad
ad/test/ad-1426-part1.wav,ad
ad/test/ad-2325-part3.wav,ad
ad/test/ad-1076-part3.wav,ad
ad/test/ad-941-part3.wav,ad
ad/test/ad-2285-part1.wav,ad
ad/test/ad-1106-part2.wav,ad
ad/test/ad-761-part3.wav,ad
ad/test/ad-583-part2.wav,ad
ad/test/ad-559-part3.wav,ad
ad/test/ad-1729-part2.wav,ad
ad/test/ad-1547-part3.wav,ad
ad/test/ad-515-part1.wav,ad
ad/test/ad-1576-part2.wav,ad
ad/test/ad-415-part2.wav,ad
ad/test/ad-504-part3.wav,ad
ad/test/ad-1468-part2.wav,ad
ad/test/ad-995-part4.wav,ad
ad/test/ad-881-part2.wav,ad
ad/test/ad-835-part3.wav,ad
ad/test/ad-2213-part2.wav,ad
ad/test/ad-497-part2.wav,ad
ad/test/ad-2023-part5.wav,ad
ad/test/ad-721-part4.wav,ad
ad/test/ad-81-part1.wav,ad
ad/test/ad-1348-part2.wav,ad
ad/test/ad-337-part1.wav,ad
ad/test/ad-1606-part2.wav,ad
ad/test/ad-463-part2.wav,ad
ad/test/ad-1488-part3.wav,ad
ad/test/ad-1684-part3.wav,ad
ad/test/ad-1169-part3.wav,ad
ad/test/ad-873-part2.wav,ad
ad/test/ad-335-part4.wav,ad
ad/test/ad-625-part3.wav,ad
ad/test/ad-1787-part1.wav,ad
ad/test/ad-2206-part2.wav,ad
ad/test/ad-1971-part1.wav,ad
ad/test/ad-1363-part2.wav,ad
ad/test/ad-360-part3.wav,ad
ad/test/ad-5-part3.wav,ad
ad/test/ad-100-part2.wav,ad
ad/test/ad-941-part2.wav,ad
ad/test/ad-1561-part2.wav,ad
ad/test/ad-442-part1.wav,ad
ad/test/ad-745-part3.wav,ad
ad/test/ad-452-part1.wav,ad
ad/test/ad-1481-part2.wav,ad
ad/test/ad-2158-part1.wav,ad
ad/test/ad-1507-part1.wav,ad
ad/test/ad-610-part1.wav,ad
ad/test/ad-316-part3.wav,ad
ad/test/ad-237-part1.wav,ad
ad/test/ad-447-part3.wav,ad
ad/test/ad-713-part1.wav,ad
ad/test/ad-1985-part1.wav,ad
ad/test/ad-705-part3.wav,ad
ad/test/ad-123-part3.wav,ad
ad/test/ad-1300-part2.wav,ad
ad/test/ad-608-part1.wav,ad
ad/test/ad-1912-part4.wav,ad
ad/test/ad-1522-part2.wav,ad
ad/test/ad-911-part1.wav,ad
ad/test/ad-487-part2.wav,ad
ad/test/ad-981-part3.wav,ad
ad/test/ad-1966-part1.wav,ad
ad/test/ad-1414-part2.wav,ad
ad/test/ad-753-part3.wav,ad
ad/test/ad-2232-part1.wav,ad
ad/test/ad-494-part3.wav,ad
ad/test/ad-1742-part3.wav,ad
ad/test/ad-2305-part3.wav,ad
ad/test/ad-732-part3.wav,ad
ad/test/ad-105-part2.wav,ad
ad/test/ad-29-part2.wav,ad
ad/test/ad-818-part2.wav,ad
ad/test/ad-562-part2.wav,ad
ad/test/ad-2217-part1.wav,ad
ad/test/ad-2089-part2.wav,ad
ad/test/ad-9-part1.wav,ad
ad/test/ad-709-part1.wav,ad
ad/test/ad-179-part3.wav,ad
ad/test/ad-1263-part1.wav,ad
ad/test/ad-1997-part4.wav,ad
ad/test/ad-1179-part1.wav,ad
ad/test/ad-1402-part1.wav,ad
ad/test/ad-896-part3.wav,ad
ad/test/ad-47-part2.wav,ad
ad/test/ad-1336-part1.wav,ad
ad/test/ad-1155-part1.wav,ad
ad/test/ad-99-part2.wav,ad
ad/test/ad-975-part5.wav,ad
ad/test/ad-498-part3.wav,ad
ad/test/ad-538-part2.wav,ad
ad/test/ad-6-part3.wav,ad
ad/test/ad-1287-part1.wav,ad
ad/test/ad-1693-part3.wav,ad
ad/test/ad-2120-part2.wav,ad
ad/test/ad-1653-part4.wav,ad
ad/test/ad-2044-part4.wav,ad
ad/test/ad-1275-part3.wav,ad
ad/test/ad-1392-part2.wav,ad
ad/test/ad-1978-part1.wav,ad
ad/test/ad-694-part1.wav,ad
ad/test/ad-2349-part2.wav,ad
ad/test/ad-316-part1.wav,ad
ad/test/ad-2332-part2.wav,ad
ad/test/ad-1876-part2.wav,ad
ad/test/ad-2044-part2.wav,ad
ad/test/ad-1193-part2.wav,ad
ad/test/ad-485-part3.wav,ad
ad/test/ad-2234-part1.wav,ad
ad/test/ad-2205-part2.wav,ad
ad/test/ad-655-part1.wav,ad
ad/test/ad-777-part1.wav,ad
ad/test/ad-9-part2.wav,ad
ad/test/ad-1799-part3.wav,ad
ad/test/ad-176-part2.wav,ad
ad/test/ad-1947-part2.wav,ad
ad/test/ad-223-part1.wav,ad
ad/test/ad-1256-part3.wav,ad
ad/test/ad-381-part1.wav,ad
ad/test/ad-97-part1.wav,ad
ad/test/ad-2207-part2.wav,ad
ad/test/ad-384-part1.wav,ad
ad/test/ad-2309-part2.wav,ad
ad/test/ad-1033-part4.wav,ad
ad/test/ad-602-part2.wav,ad
ad/test/ad-1977-part4.wav,ad
ad/test/ad-789-part2.wav,ad
ad/test/ad-531-part1.wav,ad
ad/test/ad-2253-part1.wav,ad
ad/test/ad-1517-part2.wav,ad
ad/test/ad-1050-part1.wav,ad
ad/test/ad-1116-part3.wav,ad
ad/test/ad-158-part3.wav,ad
ad/test/ad-2178-part1.wav,ad
ad/test/ad-497-part1.wav,ad
ad/test/ad-1697-part1.wav,ad
ad/test/ad-1476-part2.wav,ad
ad/test/ad-943-part3.wav,ad
ad/test/ad-283-part1.wav,ad
ad/test/ad-954-part4.wav,ad
ad/test/ad-2245-part2.wav,ad
ad/test/ad-2261-part3.wav,ad
ad/test/ad-573-part1.wav,ad
ad/test/ad-591-part2.wav,ad
ad/test/ad-88-part2.wav,ad
ad/test/ad-2249-part1.wav,ad
ad/test/ad-605-part1.wav,ad
ad/test/ad-181-part1.wav,ad
ad/test/ad-1332-part3.wav,ad
ad/test/ad-820-part1.wav,ad
ad/test/ad-1433-part1.wav,ad
ad/test/ad-1792-part1.wav,ad
ad/test/ad-1275-part1.wav,ad
ad/test/ad-2315-part2.wav,ad
ad/test/ad-819-part1.wav,ad
ad/test/ad-2270-part3.wav,ad
ad/test/ad-975-part2.wav,ad
ad/test/ad-692-part2.wav,ad
ad/test/ad-971-part1.wav,ad
ad/test/ad-1856-part1.wav,ad
ad/test/ad-938-part2.wav,ad
ad/test/ad-1494-part1.wav,ad
ad/test/ad-720-part1.wav,ad
ad/test/ad-1691-part1.wav,ad
ad/test/ad-505-part3.wav,ad
ad/test/ad-1753-part1.wav,ad
ad/test/ad-1577-part1.wav,ad
ad/test/ad-1954-part1.wav,ad
ad/test/ad-1585-part3.wav,ad
ad/test/ad-329-part3.wav,ad
ad/test/ad-997-part1.wav,ad
ad/test/ad-576-part3.wav,ad
ad/test/ad-1332-part2.wav,ad
ad/test/ad-607-part3.wav,ad
ad/test/ad-1051-part2.wav,ad
ad/test/ad-1934-part3.wav,ad
ad/test/ad-1163-part1.wav,ad
ad/test/ad-1242-part3.wav,ad
ad/test/ad-1361-part3.wav,ad
ad/test/ad-1815-part1.wav,ad
ad/test/ad-729-part3.wav,ad
ad/test/ad-453-part1.wav,ad
ad/test/ad-703-part1.wav,ad
ad/test/ad-1651-part2.wav,ad
ad/test/ad-2300-part2.wav,ad
ad/test/ad-75-part3.wav,ad
ad/test/ad-606-part2.wav,ad
ad/test/ad-336-part6.wav,ad
ad/test/ad-608-part3.wav,ad
ad/test/ad-1211-part2.wav,ad
ad/test/ad-1927-part3.wav,ad
ad/test/ad-1701-part2.wav,ad
ad/test/ad-554-part3.wav,ad
ad/test/ad-949-part1.wav,ad
ad/test/ad-931-part1.wav,ad
ad/test/ad-2049-part3.wav,ad
ad/test/ad-845-part2.wav,ad
ad/test/ad-1399-part2.wav,ad
ad/test/ad-51-part1.wav,ad
ad/test/ad-2086-part2.wav,ad
ad/test/ad-396-part2.wav,ad
ad/test/ad-879-part3.wav,ad
ad/test/ad-416-part3.wav,ad
ad/test/ad-491-part1.wav,ad
ad/test/ad-189-part2.wav,ad
ad/test/ad-582-part2.wav,ad
ad/test/ad-1087-part3.wav,ad
ad/test/ad-1976-part3.wav,ad
ad/test/ad-1155-part2.wav,ad
ad/test/ad-759-part1.wav,ad
ad/test/ad-1435-part4.wav,ad
ad/test/ad-1267-part3.wav,ad
ad/test/ad-1166-part2.wav,ad
ad/test/ad-2146-part1.wav,ad
ad/test/ad-291-part2.wav,ad
ad/test/ad-1519-part1.wav,ad
ad/test/ad-637-part2.wav,ad
ad/test/ad-612-part3.wav,ad
ad/test/ad-1149-part3.wav,ad
ad/test/ad-1867-part2.wav,ad
ad/test/ad-263-part1.wav,ad
ad/test/ad-1696-part3.wav,ad
ad/test/ad-680-part4.wav,ad
ad/test/ad-2154-part3.wav,ad
ad/test/ad-211-part4.wav,ad
ad/test/ad-83-part3.wav,ad
ad/test/ad-1164-part2.wav,ad
ad/test/ad-752-part3.wav,ad
ad/test/ad-566-part2.wav,ad
ad/test/ad-1172-part3.wav,ad
ad/test/ad-478-part1.wav,ad
ad/test/ad-2294-part3.wav,ad
ad/test/ad-2345-part3.wav,ad
ad/test/ad-218-part1.wav,ad
ad/test/ad-915-part2.wav,ad
ad/test/ad-863-part2.wav,ad
ad/test/ad-2219-part2.wav,ad
ad/test/ad-2159-part2.wav,ad
ad/test/ad-1045-part1.wav,ad
ad/test/ad-1600-part1.wav,ad
ad/test/ad-2042-part3.wav,ad
ad/test/ad-970-part2.wav,ad
ad/test/ad-1647-part2.wav,ad
ad/test/ad-1982-part1.wav,ad
ad/test/ad-1676-part3.wav,ad
ad/test/ad-855-part1.wav,ad
ad/test/ad-937-part2.wav,ad
ad/test/ad-1927-part2.wav,ad
ad/test/ad-1291-part1.wav,ad
ad/test/ad-1960-part4.wav,ad
ad/test/ad-373-part2.wav,ad
ad/test/ad-625-part2.wav,ad
ad/test/ad-2001-part1.wav,ad
ad/test/ad-1545-part2.wav,ad
ad/test/ad-1806-part3.wav,ad
ad/test/ad-958-part4.wav,ad
ad/test/ad-135-part2.wav,ad
ad/test/ad-148-part1.wav,ad
ad/test/ad-774-part1.wav,ad
ad/test/ad-1557-part1.wav,ad
ad/test/ad-1720-part2.wav,ad
ad/test/ad-1169-part2.wav,ad
ad/test/ad-2066-part1.wav,ad
ad/test/ad-2354-part2.wav,ad
ad/test/ad-48-part3.wav,ad
ad/test/ad-1904-part3.wav,ad
ad/test/ad-1837-part1.wav,ad
ad/test/ad-1991-part1.wav,ad
ad/test/ad-1897-part3.wav,ad
ad/test/ad-554-part1.wav,ad
ad/test/ad-1321-part2.wav,ad
ad/test/ad-642-part4.wav,ad
ad/test/ad-832-part3.wav,ad
ad/test/ad-579-part1.wav,ad
ad/test/ad-602-part3.wav,ad
ad/test/ad-2275-part3.wav,ad
ad/test/ad-439-part6.wav,ad
ad/test/ad-1224-part3.wav,ad
ad/test/ad-37-part2.wav,ad
ad/test/ad-888-part1.wav,ad
ad/test/ad-2147-part2.wav,ad
ad/test/ad-101-part3.wav,ad
ad/test/ad-1396-part2.wav,ad
ad/test/ad-1256-part4.wav,ad
ad/test/ad-1051-part1.wav,ad
ad/test/ad-75-part2.wav,ad
ad/test/ad-1883-part2.wav,ad
ad/test/ad-2096-part2.wav,ad
ad/test/ad-2331-part2.wav,ad
ad/test/ad-60-part3.wav,ad
ad/test/ad-603-part2.wav,ad
ad/test/ad-1885-part3.wav,ad
ad/test/ad-1535-part1.wav,ad
ad/test/ad-647-part3.wav,ad
ad/test/ad-1922-part3.wav,ad
ad/test/ad-753-part2.wav,ad
ad/test/ad-349-part2.wav,ad
ad/test/ad-2352-part1.wav,ad
ad/test/ad-377-part1.wav,ad
ad/test/ad-423-part2.wav,ad
ad/test/ad-741-part3.wav,ad
ad/test/ad-1720-part3.wav,ad
ad/test/ad-611-part3.wav,ad
ad/test/ad-1591-part2.wav,ad
ad/test/ad-1724-part1.wav,ad
ad/test/ad-1097-part2.wav,ad
ad/test/ad-1137-part2.wav,ad
ad/test/ad-413-part3.wav,ad
ad/test/ad-1075-part1.wav,ad
ad/test/ad-1523-part3.wav,ad
ad/test/ad-2018-part4.wav,ad
ad/test/ad-807-part1.wav,ad
ad/test/ad-1165-part3.wav,ad
ad/test/ad-1424-part2.wav,ad
ad/test/ad-1759-part2.wav,ad
ad/test/ad-2355-part3.wav,ad
ad/test/ad-2266-part1.wav,ad
ad/test/ad-26-part1.wav,ad
ad/test/ad-298-part3.wav,ad
ad/test/ad-246-part1.wav,ad
ad/test/ad-170-part1.wav,ad
ad/test/ad-936-part4.wav,ad
ad/test/ad-2219-part1.wav,ad
ad/test/ad-184-part2.wav,ad
ad/test/ad-1363-part1.wav,ad
ad/test/ad-436-part3.wav,ad
ad/test/ad-1107-part1.wav,ad
ad/test/ad-1508-part1.wav,ad
ad/test/ad-1368-part4.wav,ad
ad/test/ad-1294-part4.wav,ad
ad/test/ad-1296-part3.wav,ad
ad/test/ad-1079-part2.wav,ad
ad/test/ad-1852-part2.wav,ad
ad/test/ad-2352-part3.wav,ad
ad/test/ad-1004-part2.wav,ad
ad/test/ad-345-part3.wav,ad
ad/test/ad-1175-part2.wav,ad
ad/test/ad-1990-part1.wav,ad
ad/test/ad-388-part3.wav,ad
ad/test/ad-1862-part3.wav,ad
ad/test/ad-244-part3.wav,ad
ad/test/ad-1690-part1.wav,ad
ad/test/ad-2140-part2.wav,ad
ad/test/ad-457-part3.wav,ad
ad/test/ad-426-part1.wav,ad
ad/test/ad-1213-part1.wav,ad
ad/test/ad-1981-part2.wav,ad
ad/test/ad-1009-part3.wav,ad
ad/test/ad-665-part2.wav,ad
ad/test/ad-228-part1.wav,ad
ad/test/ad-371-part3.wav,ad
ad/test/ad-1385-part3.wav,ad
ad/test/ad-102-part1.wav,ad
ad/test/ad-862-part2.wav,ad
ad/test/ad-1566-part4.wav,ad
ad/test/ad-1702-part1.wav,ad
ad/test/ad-648-part1.wav,ad
ad/test/ad-1753-part2.wav,ad
ad/test/ad-361-part3.wav,ad
ad/test/ad-1299-part1.wav,ad
ad/test/ad-787-part1.wav,ad
ad/test/ad-503-part2.wav,ad
ad/test/ad-1067-part2.wav,ad
ad/test/ad-48-part2.wav,ad
ad/test/ad-1138-part2.wav,ad
ad/test/ad-576-part2.wav,ad
ad/test/ad-1818-part2.wav,ad
ad/test/ad-1424-part3.wav,ad
ad/test/ad-306-part1.wav,ad
ad/test/ad-1822-part1.wav,ad
ad/test/ad-981-part1.wav,ad
ad/test/ad-2172-part2.wav,ad
ad/test/ad-1152-part1.wav,ad
ad/test/ad-1038-part1.wav,ad
ad/test/ad-144-part1.wav,ad
ad/test/ad-350-part5.wav,ad
ad/test/ad-1621-part3.wav,ad
ad/test/ad-2038-part2.wav,ad
ad/test/ad-1883-part3.wav,ad
ad/test/ad-376-part2.wav,ad
ad/test/ad-1534-part2.wav,ad
ad/test/ad-686-part2.wav,ad
ad/test/ad-2312-part3.wav,ad
ad/test/ad-43-part1.wav,ad
ad/test/ad-429-part1.wav,ad
ad/test/ad-932-part3.wav,ad
ad/test/ad-115-part2.wav,ad
ad/test/ad-589-part1.wav,ad
ad/test/ad-1350-part3.wav,ad
ad/test/ad-892-part3.wav,ad
ad/test/ad-1617-part2.wav,ad
ad/test/ad-2104-part4.wav,ad
ad/test/ad-1166-part4.wav,ad
ad/test/ad-808-part1.wav,ad
ad/test/ad-673-part1.wav,ad
ad/test/ad-71-part2.wav,ad
ad/test/ad-823-part2.wav,ad
ad/test/ad-1591-part3.wav,ad
ad/test/ad-331-part2.wav,ad
ad/test/ad-932-part2.wav,ad
ad/test/ad-458-part1.wav,ad
ad/test/ad-922-part1.wav,ad
ad/test/ad-706-part3.wav,ad
ad/test/ad-74-part2.wav,ad
ad/test/ad-319-part2.wav,ad
ad/test/ad-1042-part3.wav,ad
ad/test/ad-992-part3.wav,ad
ad/test/ad-1560-part1.wav,ad
ad/test/ad-292-part3.wav,ad
ad/test/ad-1221-part2.wav,ad
ad/test/ad-1274-part3.wav,ad
ad/test/ad-1390-part3.wav,ad
ad/test/ad-786-part2.wav,ad
ad/test/ad-378-part2.wav,ad
ad/test/ad-1105-part1.wav,ad
ad/test/ad-2225-part2.wav,ad
ad/test/ad-313-part2.wav,ad
ad/test/ad-1125-part2.wav,ad
ad/test/ad-2030-part1.wav,ad
ad/test/ad-385-part1.wav,ad
ad/test/ad-616-part3.wav,ad
ad/test/ad-476-part1.wav,ad
ad/test/ad-274-part3.wav,ad
ad/test/ad-1721-part1.wav,ad
ad/test/ad-775-part1.wav,ad
ad/test/ad-430-part1.wav,ad
ad/test/ad-1505-part1.wav,ad
ad/test/ad-2260-part2.wav,ad
ad/test/ad-725-part3.wav,ad
ad/test/ad-2280-part2.wav,ad
ad/test/ad-483-part4.wav,ad
ad/test/ad-1005-part1.wav,ad
ad/test/ad-604-part2.wav,ad
ad/test/ad-187-part3.wav,ad
ad/test/ad-98-part2.wav,ad
ad/test/ad-1149-part1.wav,ad
ad/test/ad-607-part4.wav,ad
ad/test/ad-2009-part3.wav,ad
ad/test/ad-1300-part1.wav,ad
ad/test/ad-2031-part3.wav,ad
ad/test/ad-1364-part4.wav,ad
ad/test/ad-2272-part4.wav,ad
ad/test/ad-1783-part2.wav,ad
ad/test/ad-253-part1.wav,ad
ad/test/ad-1864-part3.wav,ad
ad/test/ad-74-part1.wav,ad
ad/test/ad-322-part2.wav,ad
ad/test/ad-1209-part3.wav,ad
ad/test/ad-13-part2.wav,ad
ad/test/ad-2323-part3.wav,ad
ad/test/ad-444-part3.wav,ad
ad/test/ad-432-part3.wav,ad
ad/test/ad-541-part2.wav,ad
ad/test/ad-408-part1.wav,ad
ad/test/ad-117-part3.wav,ad
ad/test/ad-1523-part4.wav,ad
ad/test/ad-1943-part3.wav,ad
ad/test/ad-60-part1.wav,ad
ad/test/ad-1330-part1.wav,ad
ad/test/ad-2333-part2.wav,ad
ad/test/ad-1141-part3.wav,ad
ad/test/ad-166-part2.wav,ad
ad/test/ad-285-part2.wav,ad
ad/test/ad-594-part3.wav,ad
ad/test/ad-503-part1.wav,ad
ad/test/ad-1168-part3.wav,ad
ad/test/ad-2208-part2.wav,ad
ad/test/ad-1207-part2.wav,ad
ad/test/ad-427-part1.wav,ad
ad/test/ad-1710-part2.wav,ad
ad/test/ad-1679-part3.wav,ad
ad/test/ad-1868-part2.wav,ad
ad/test/ad-2198-part3.wav,ad
ad/test/ad-1481-part1.wav,ad
ad/test/ad-2182-part3.wav,ad
ad/test/ad-1124-part1.wav,ad
ad/test/ad-732-part2.wav,ad
ad/test/ad-1218-part1.wav,ad
ad/test/ad-884-part1.wav,ad
ad/test/ad-2323-part2.wav,ad
ad/test/ad-1413-part1.wav,ad
ad/test/ad-297-part2.wav,ad
ad/test/ad-142-part2.wav,ad
ad/test/ad-1778-part1.wav,ad
ad/test/ad-1565-part3.wav,ad
ad/test/ad-2145-part1.wav,ad
ad/test/ad-791-part3.wav,ad
ad/test/ad-8-part3.wav,ad
ad/test/ad-294-part1.wav,ad
ad/test/ad-828-part2.wav,ad
ad/test/ad-1096-part3.wav,ad
ad/test/ad-866-part3.wav,ad
ad/test/ad-1131-part3.wav,ad
ad/test/ad-966-part1.wav,ad
ad/test/ad-2303-part2.wav,ad
ad/test/ad-1257-part1.wav,ad
ad/test/ad-85-part2.wav,ad
ad/test/ad-1077-part3.wav,ad
ad/test/ad-2331-part3.wav,ad
ad/test/ad-1577-part2.wav,ad
ad/test/ad-2171-part2.wav,ad
ad/test/ad-2283-part4.wav,ad
ad/test/ad-756-part4.wav,ad
ad/test/ad-57-part3.wav,ad
ad/test/ad-1912-part2.wav,ad
ad/test/ad-1394-part3.wav,ad
ad/test/ad-971-part2.wav,ad
ad/test/ad-2093-part3.wav,ad
ad/test/ad-1111-part3.wav,ad
ad/test/ad-191-part1.wav,ad
ad/test/ad-1100-part1.wav,ad
ad/test/ad-1602-part2.wav,ad
ad/test/ad-776-part3.wav,ad
ad/test/ad-419-part3.wav,ad
ad/test/ad-529-part1.wav,ad
ad/test/ad-1159-part4.wav,ad
ad/test/ad-1866-part2.wav,ad
ad/test/ad-2071-part2.wav,ad
ad/test/ad-825-part2.wav,ad
ad/test/ad-587-part2.wav,ad
ad/test/ad-79-part1.wav,ad
ad/test/ad-756-part2.wav,ad
ad/test/ad-1456-part3.wav,ad
ad/test/ad-1989-part1.wav,ad
ad/test/ad-797-part2.wav,ad
ad/test/ad-767-part2.wav,ad
ad/test/ad-2161-part2.wav,ad
ad/test/ad-91-part2.wav,ad
ad/test/ad-480-part1.wav,ad
ad/test/ad-1446-part1.wav,ad
ad/test/ad-239-part3.wav,ad
ad/test/ad-95-part2.wav,ad
ad/test/ad-1464-part2.wav,ad
ad/test/ad-2310-part3.wav,ad
ad/test/ad-1417-part5.wav,ad
ad/test/ad-642-part2.wav,ad
ad/test/ad-758-part2.wav,ad
ad/test/ad-1923-part1.wav,ad
ad/test/ad-2066-part2.wav,ad
ad/test/ad-666-part1.wav,ad
ad/test/ad-1536-part1.wav,ad
ad/test/ad-2308-part3.wav,ad
ad/test/ad-1299-part2.wav,ad
ad/test/ad-1972-part3.wav,ad
ad/test/ad-1158-part3.wav,ad
ad/test/ad-2243-part1.wav,ad
ad/test/ad-183-part1.wav,ad
ad/test/ad-421-part2.wav,ad
ad/test/ad-2186-part2.wav,ad
ad/test/ad-1836-part3.wav,ad
ad/test/ad-1264-part2.wav,ad
ad/test/ad-2091-part3.wav,ad
ad/test/ad-1660-part4.wav,ad
ad/test/ad-485-part1.wav,ad
ad/test/ad-486-part1.wav,ad
ad/test/ad-1527-part3.wav,ad
ad/test/ad-1464-part3.wav,ad
ad/test/ad-1374-part1.wav,ad
ad/test/ad-2002-part3.wav,ad
ad/test/ad-403-part1.wav,ad
ad/test/ad-472-part2.wav,ad
ad/test/ad-898-part2.wav,ad
ad/test/ad-2271-part2.wav,ad
ad/test/ad-2348-part2.wav,ad
ad/test/ad-1628-part1.wav,ad
ad/test/ad-1478-part2.wav,ad
ad/test/ad-124-part1.wav,ad
ad/test/ad-354-part1.wav,ad
ad/test/ad-2067-part2.wav,ad
ad/test/ad-1816-part1.wav,ad
ad/test/ad-1630-part1.wav,ad
ad/test/ad-247-part3.wav,ad
ad/test/ad-1708-part3.wav,ad
ad/test/ad-1002-part3.wav,ad
ad/test/ad-886-part1.wav,ad
ad/test/ad-1525-part2.wav,ad
ad/test/ad-1797-part3.wav,ad
ad/test/ad-2298-part2.wav,ad
ad/test/ad-1492-part1.wav,ad
ad/test/ad-1474-part2.wav,ad
ad/test/ad-513-part3.wav,ad
ad/test/ad-2351-part1.wav,ad
ad/test/ad-1544-part2.wav,ad
ad/test/ad-1111-part1.wav,ad
ad/test/ad-1711-part2.wav,ad
ad/test/ad-162-part2.wav,ad
ad/test/ad-1853-part2.wav,ad
ad/test/ad-72-part1.wav,ad
ad/test/ad-1873-part2.wav,ad
ad/test/ad-818-part3.wav,ad
ad/test/ad-2123-part1.wav,ad
ad/test/ad-1278-part2.wav,ad
ad/test/ad-1126-part1.wav,ad
ad/test/ad-354-part2.wav,ad
ad/test/ad-783-part3.wav,ad
ad/test/ad-743-part1.wav,ad
ad/test/ad-1413-part2.wav,ad
ad/test/ad-1099-part1.wav,ad
ad/test/ad-552-part3.wav,ad
ad/test/ad-903-part2.wav,ad
ad/test/ad-83-part2.wav,ad
ad/test/ad-1113-part4.wav,ad
ad/test/ad-1429-part3.wav,ad
ad/test/ad-1533-part1.wav,ad
ad/test/ad-422-part3.wav,ad
ad/test/ad-299-part1.wav,ad
ad/test/ad-2253-part2.wav,ad
ad/test/ad-390-part1.wav,ad
ad/test/ad-1220-part2.wav,ad
ad/test/ad-107-part3.wav,ad
ad/test/ad-849-part1.wav,ad
ad/test/ad-1198-part2.wav,ad
ad/test/ad-190-part2.wav,ad
ad/test/ad-1831-part1.wav,ad
ad/test/ad-2169-part3.wav,ad
ad/test/ad-875-part2.wav,ad
ad/test/ad-2288-part2.wav,ad
ad/test/ad-1892-part1.wav,ad
ad/test/ad-722-part1.wav,ad
ad/test/ad-28-part2.wav,ad
ad/test/ad-1654-part2.wav,ad
ad/test/ad-2296-part1.wav,ad
ad/test/ad-1363-part3.wav,ad
ad/test/ad-1127-part1.wav,ad
ad/test/ad-471-part1.wav,ad
ad/test/ad-1931-part2.wav,ad
ad/test/ad-1359-part2.wav,ad
ad/test/ad-228-part3.wav,ad
ad/test/ad-1959-part2.wav,ad
ad/test/ad-1473-part3.wav,ad
ad/test/ad-2104-part3.wav,ad
ad/test/ad-1255-part3.wav,ad
ad/test/ad-1963-part1.wav,ad
ad/test/ad-1453-part2.wav,ad
ad/test/ad-366-part1.wav,ad
ad/test/ad-213-part3.wav,ad
ad/test/ad-1730-part3.wav,ad
ad/test/ad-1240-part1.wav,ad
ad/test/ad-1679-part1.wav,ad
ad/test/ad-2025-part2.wav,ad
ad/test/ad-2340-part2.wav,ad
ad/test/ad-1771-part1.wav,ad
ad/test/ad-738-part2.wav,ad
ad/test/ad-266-part3.wav,ad
ad/test/ad-852-part2.wav,ad
ad/test/ad-742-part3.wav,ad
ad/test/ad-995-part1.wav,ad
ad/test/ad-1352-part3.wav,ad
ad/test/ad-426-part4.wav,ad
ad/test/ad-1611-part2.wav,ad
ad/test/ad-430-part3.wav,ad
ad/test/ad-615-part1.wav,ad
ad/test/ad-2049-part1.wav,ad
ad/test/ad-483-part2.wav,ad
ad/test/ad-1745-part2.wav,ad
ad/test/ad-1202-part1.wav,ad
ad/test/ad-117-part1.wav,ad
ad/test/ad-1490-part1.wav,ad
ad/test/ad-29-part1.wav,ad
ad/test/ad-2197-part1.wav,ad
ad/test/ad-1714-part1.wav,ad
ad/test/ad-1527-part2.wav,ad
ad/test/ad-1810-part2.wav,ad
ad/test/ad-1534-part1.wav,ad
ad/test/ad-13-part1.wav,ad
ad/test/ad-550-part3.wav,ad
ad/test/ad-1057-part3.wav,ad
ad/test/ad-578-part1.wav,ad
ad/test/ad-1976-part1.wav,ad
ad/test/ad-1110-part2.wav,ad
ad/test/ad-2070-part2.wav,ad
ad/test/ad-62-part3.wav,ad
ad/test/ad-2167-part3.wav,ad
ad/test/ad-2020-part3.wav,ad
ad/test/ad-1480-part1.wav,ad
ad/test/ad-2176-part2.wav,ad
ad/test/ad-1056-part2.wav,ad
ad/test/ad-202-part1.wav,ad
ad/test/ad-1466-part2.wav,ad
ad/test/ad-2199-part2.wav,ad
ad/test/ad-2026-part1.wav,ad
ad/test/ad-1517-part3.wav,ad
ad/test/ad-716-part3.wav,ad
ad/test/ad-1681-part3.wav,ad
ad/test/ad-2290-part3.wav,ad
ad/test/ad-216-part3.wav,ad
ad/test/ad-1881-part1.wav,ad
ad/test/ad-2147-part1.wav,ad
ad/test/ad-1184-part1.wav,ad
ad/test/ad-1576-part3.wav,ad
ad/test/ad-231-part1.wav,ad
ad/test/ad-1242-part1.wav,ad
ad/test/ad-415-part1.wav,ad
ad/test/ad-2247-part3.wav,ad
ad/test/ad-1949-part2.wav,ad
ad/test/ad-1386-part2.wav,ad
ad/test/ad-1199-part3.wav,ad
ad/test/ad-1713-part2.wav,ad
ad/test/ad-2118-part1.wav,ad
ad/test/ad-769-part3.wav,ad
ad/test/ad-215-part2.wav,ad
ad/test/ad-149-part1.wav,ad
ad/test/ad-1415-part1.wav,ad
ad/test/ad-659-part1.wav,ad
ad/test/ad-628-part1.wav,ad
ad/test/ad-945-part2.wav,ad
ad/test/ad-529-part3.wav,ad
ad/test/ad-1564-part2.wav,ad
ad/test/ad-1121-part2.wav,ad
ad/test/ad-1722-part3.wav,ad
ad/test/ad-1530-part2.wav,ad
ad/test/ad-1714-part2.wav,ad
ad/test/ad-1014-part2.wav,ad
ad/test/ad-1455-part2.wav,ad
ad/test/ad-534-part1.wav,ad
ad/test/ad-504-part1.wav,ad
ad/test/ad-1627-part1.wav,ad
ad/test/ad-33-part1.wav,ad
ad/test/ad-1133-part2.wav,ad
ad/test/ad-55-part3.wav,ad
ad/test/ad-1473-part2.wav,ad
ad/test/ad-551-part1.wav,ad
ad/test/ad-265-part1.wav,ad
ad/test/ad-987-part3.wav,ad
ad/test/ad-1268-part4.wav,ad
ad/test/ad-2041-part2.wav,ad
ad/test/ad-444-part2.wav,ad
ad/test/ad-863-part3.wav,ad
ad/test/ad-2352-part2.wav,ad
ad/test/ad-772-part2.wav,ad
ad/test/ad-1246-part2.wav,ad
ad/test/ad-1105-part4.wav,ad
ad/test/ad-309-part1.wav,ad
ad/test/ad-251-part2.wav,ad
ad/test/ad-826-part3.wav,ad
ad/test/ad-402-part1.wav,ad
ad/test/ad-187-part2.wav,ad
ad/test/ad-20-part2.wav,ad
ad/test/ad-1380-part3.wav,ad
ad/test/ad-1430-part2.wav,ad
ad/test/ad-135-part1.wav,ad
ad/test/ad-526-part2.wav,ad
ad/test/ad-436-part1.wav,ad
ad/test/ad-2137-part2.wav,ad
ad/test/ad-479-part4.wav,ad
ad/test/ad-922-part3.wav,ad
ad/test/ad-815-part1.wav,ad
ad/test/ad-2348-part1.wav,ad
ad/test/ad-1564-part4.wav,ad
ad/test/ad-1389-part2.wav,ad
ad/test/ad-57-part2.wav,ad
ad/test/ad-1995-part2.wav,ad
ad/test/ad-2009-part1.wav,ad
ad/test/ad-1541-part1.wav,ad
ad/test/ad-165-part1.wav,ad
ad/test/ad-1232-part2.wav,ad
ad/test/ad-1261-part3.wav,ad
ad/test/ad-1948-part2.wav,ad
ad/test/ad-952-part1.wav,ad
ad/test/ad-1459-part1.wav,ad
ad/test/ad-2215-part2.wav,ad
ad/test/ad-448-part3.wav,ad
ad/test/ad-1688-part6.wav,ad
ad/test/ad-1763-part2.wav,ad
ad/test/ad-1542-part1.wav,ad
ad/test/ad-115-part4.wav,ad
ad/test/ad-308-part2.wav,ad
ad/test/ad-367-part3.wav,ad
ad/test/ad-132-part2.wav,ad
ad/test/ad-1368-part2.wav,ad
ad/test/ad-1593-part2.wav,ad
ad/test/ad-1337-part2.wav,ad
ad/test/ad-940-part2.wav,ad
ad/test/ad-1552-part2.wav,ad
ad/test/ad-800-part2.wav,ad
ad/test/ad-1918-part1.wav,ad
ad/test/ad-1093-part2.wav,ad
ad/test/ad-1635-part2.wav,ad
ad/test/ad-1015-part3.wav,ad
ad/test/ad-763-part2.wav,ad
ad/test/ad-831-part1.wav,ad
ad/test/ad-743-part2.wav,ad
ad/test/ad-1002-part4.wav,ad
ad/test/ad-2059-part1.wav,ad
ad/test/ad-117-part2.wav,ad
ad/test/ad-1987-part2.wav,ad
ad/test/ad-1236-part3.wav,ad
ad/test/ad-394-part1.wav,ad
ad/test/ad-1783-part1.wav,ad
ad/test/ad-557-part1.wav,ad
ad/test/ad-2169-part1.wav,ad
ad/test/ad-989-part3.wav,ad
ad/test/ad-1509-part1.wav,ad
ad/test/ad-946-part2.wav,ad
ad/test/ad-2318-part1.wav,ad
ad/test/ad-259-part2.wav,ad
ad/test/ad-2075-part2.wav,ad
ad/test/ad-889-part2.wav,ad
ad/test/ad-590-part2.wav,ad
ad/test/ad-1387-part1.wav,ad
ad/test/ad-2011-part3.wav,ad
ad/test/ad-2231-part2.wav,ad
ad/test/ad-188-part1.wav,ad
ad/test/ad-1417-part1.wav,ad
ad/test/ad-882-part2.wav,ad
ad/test/ad-187-part1.wav,ad
ad/test/ad-825-part3.wav,ad
ad/test/ad-2289-part1.wav,ad
ad/test/ad-1645-part2.wav,ad
ad/test/ad-1412-part2.wav,ad
ad/test/ad-152-part1.wav,ad
ad/test/ad-564-part2.wav,ad
ad/test/ad-2145-part2.wav,ad
ad/test/ad-137-part2.wav,ad
ad/test/ad-197-part1.wav,ad
ad/test/ad-1888-part1.wav,ad
ad/test/ad-2034-part1.wav,ad
ad/test/ad-1140-part1.wav,ad
ad/test/ad-864-part1.wav,ad
ad/test/ad-622-part3.wav,ad
ad/test/ad-2238-part2.wav,ad
ad/test/ad-64-part3.wav,ad
ad/test/ad-172-part1.wav,ad
ad/test/ad-1042-part2.wav,ad
ad/test/ad-514-part1.wav,ad
ad/test/ad-1324-part2.wav,ad
ad/test/ad-547-part3.wav,ad
ad/test/ad-212-part2.wav,ad
ad/test/ad-1483-part2.wav,ad
ad/test/ad-201-part1.wav,ad
ad/test/ad-266-part2.wav,ad
ad/test/ad-1162-part1.wav,ad
ad/test/ad-1101-part1.wav,ad
ad/test/ad-2080-part1.wav,ad
ad/test/ad-1662-part4.wav,ad
ad/test/ad-1892-part3.wav,ad
ad/test/ad-1211-part3.wav,ad
ad/test/ad-464-part4.wav,ad
ad/test/ad-1847-part1.wav,ad
ad/test/ad-1262-part1.wav,ad
ad/test/ad-934-part2.wav,ad
ad/test/ad-1913-part1.wav,ad
ad/test/ad-719-part2.wav,ad
ad/test/ad-2166-part2.wav,ad
ad/test/ad-473-part2.wav,ad
ad/test/ad-706-part1.wav,ad
ad/test/ad-129-part1.wav,ad
ad/test/ad-1491-part3.wav,ad
ad/test/ad-522-part2.wav,ad
ad/test/ad-1663-part2.wav,ad
ad/test/ad-2353-part3.wav,ad
ad/test/ad-2185-part1.wav,ad
ad/test/ad-816-part3.wav,ad
ad/test/ad-435-part4.wav,ad
ad/test/ad-755-part2.wav,ad
ad/test/ad-2076-part2.wav,ad
ad/test/ad-728-part1.wav,ad
ad/test/ad-1583-part1.wav,ad
ad/test/ad-1115-part1.wav,ad
ad/test/ad-1920-part1.wav,ad
ad/test/ad-2160-part1.wav,ad
ad/test/ad-207-part3.wav,ad
ad/test/ad-977-part1.wav,ad
ad/test/ad-100-part1.wav,ad
ad/test/ad-1358-part2.wav,ad
ad/test/ad-2333-part1.wav,ad
ad/test/ad-958-part2.wav,ad
ad/test/ad-1546-part3.wav,ad
ad/test/ad-453-part3.wav,ad
ad/test/ad-192-part1.wav,ad
ad/test/ad-342-part1.wav,ad
ad/test/ad-1267-part1.wav,ad
ad/test/ad-1178-part2.wav,ad
ad/test/ad-1590-part2.wav,ad
ad/test/ad-310-part1.wav,ad
ad/test/ad-461-part2.wav,ad
ad/test/ad-1212-part2.wav,ad
ad/test/ad-905-part1.wav,ad
ad/test/ad-1570-part2.wav,ad
ad/test/ad-25-part3.wav,ad
ad/test/ad-195-part1.wav,ad
ad/test/ad-1108-part2.wav,ad
ad/test/ad-990-part6.wav,ad
ad/test/ad-1939-part2.wav,ad
ad/test/ad-1665-part3.wav,ad
ad/test/ad-222-part1.wav,ad
ad/test/ad-2150-part3.wav,ad
ad/test/ad-208-part1.wav,ad
ad/test/ad-447-part2.wav,ad
ad/test/ad-852-part1.wav,ad
ad/test/ad-262-part2.wav,ad
ad/test/ad-370-part1.wav,ad
ad/test/ad-1396-part3.wav,ad
ad/test/ad-694-part2.wav,ad
ad/test/ad-1808-part2.wav,ad
ad/test/ad-1934-part2.wav,ad
ad/test/ad-806-part2.wav,ad
ad/test/ad-766-part1.wav,ad
ad/test/ad-969-part1.wav,ad
ad/test/ad-1316-part2.wav,ad
ad/test/ad-825-part1.wav,ad
ad/test/ad-2246-part1.wav,ad
ad/test/ad-1157-part1.wav,ad
ad/test/ad-580-part1.wav,ad
ad/test/ad-574-part1.wav,ad
ad/test/ad-443-part2.wav,ad
ad/test/ad-82-part1.wav,ad
ad/test/ad-1259-part3.wav,ad
ad/test/ad-2257-part1.wav,ad
ad/test/ad-1054-part1.wav,ad
ad/test/ad-1187-part1.wav,ad
ad/test/ad-2130-part1.wav,ad
ad/test/ad-364-part2.wav,ad
ad/test/ad-1128-part2.wav,ad
ad/test/ad-1154-part2.wav,ad
ad/test/ad-365-part1.wav,ad
ad/test/ad-1156-part3.wav,ad
ad/test/ad-2310-part2.wav,ad
ad/test/ad-48-part1.wav,ad
ad/test/ad-1549-part1.wav,ad
ad/test/ad-1253-part3.wav,ad
ad/test/ad-1088-part1.wav,ad
ad/test/ad-730-part4.wav,ad
ad/test/ad-609-part2.wav,ad
ad/test/ad-952-part3.wav,ad
ad/test/ad-2285-part2.wav,ad
ad/test/ad-1078-part1.wav,ad
ad/test/ad-914-part1.wav,ad
ad/test/ad-543-part1.wav,ad
ad/test/ad-936-part3.wav,ad
ad/test/ad-1692-part1.wav,ad
ad/test/ad-400-part2.wav,ad
ad/test/ad-585-part1.wav,ad
ad/test/ad-57-part1.wav,ad
ad/test/ad-706-part2.wav,ad
ad/test/ad-2299-part1.wav,ad
ad/test/ad-141-part3.wav,ad
ad/test/ad-28-part1.wav,ad
ad/test/ad-1927-part6.wav,ad
ad/test/ad-247-part1.wav,ad
ad/test/ad-876-part1.wav,ad
ad/test/ad-714-part2.wav,ad
ad/test/ad-1541-part3.wav,ad
ad/test/ad-1650-part1.wav,ad
ad/test/ad-1378-part2.wav,ad
ad/test/ad-2154-part2.wav,ad
ad/test/ad-1812-part1.wav,ad
ad/test/ad-534-part3.wav,ad
ad/test/ad-404-part1.wav,ad
ad/test/ad-2135-part3.wav,ad
ad/test/ad-2284-part1.wav,ad
ad/test/ad-952-part2.wav,ad
ad/test/ad-1306-part2.wav,ad
ad/test/ad-2229-part2.wav,ad
ad/test/ad-43-part2.wav,ad
ad/test/ad-1174-part3.wav,ad
ad/test/ad-358-part1.wav,ad
ad/test/ad-285-part1.wav,ad
ad/test/ad-2053-part3.wav,ad
ad/test/ad-1729-part1.wav,ad
ad/test/ad-2178-part3.wav,ad
ad/test/ad-1586-part2.wav,ad
ad/test/ad-754-part1.wav,ad
ad/test/ad-1134-part3.wav,ad
ad/test/ad-1671-part2.wav,ad
ad/test/ad-732-part1.wav,ad
ad/test/ad-648-part3.wav,ad
ad/test/ad-2050-part3.wav,ad
ad/test/ad-2062-part2.wav,ad
ad/test/ad-1126-part2.wav,ad
ad/test/ad-965-part3.wav,ad
ad/test/ad-1845-part3.wav,ad
ad/test/ad-704-part1.wav,ad
ad/test/ad-1689-part3.wav,ad
ad/test/ad-192-part4.wav,ad
ad/test/ad-1803-part1.wav,ad
ad/test/ad-1467-part1.wav,ad
ad/test/ad-1388-part1.wav,ad
ad/test/ad-1364-part3.wav,ad
ad/test/ad-428-part1.wav,ad
ad/test/ad-1786-part2.wav,ad
ad/test/ad-973-part2.wav,ad
ad/test/ad-1602-part3.wav,ad
ad/test/ad-1898-part4.wav,ad
ad/test/ad-1367-part1.wav,ad
ad/test/ad-837-part2.wav,ad
ad/test/ad-7-part3.wav,ad
ad/test/ad-555-part2.wav,ad
ad/test/ad-7-part1.wav,ad
ad/test/ad-2262-part1.wav,ad
ad/test/ad-625-part1.wav,ad
ad/test/ad-1434-part3.wav,ad
ad/test/ad-1584-part2.wav,ad
ad/test/ad-765-part2.wav,ad
ad/test/ad-2064-part1.wav,ad
ad/test/ad-387-part2.wav,ad
ad/test/ad-796-part1.wav,ad
ad/test/ad-1048-part1.wav,ad
ad/test/ad-138-part2.wav,ad
ad/test/ad-1839-part3.wav,ad
ad/test/ad-1979-part3.wav,ad
ad/test/ad-843-part2.wav,ad
ad/test/ad-881-part3.wav,ad
ad/test/ad-2065-part4.wav,ad
ad/test/ad-827-part1.wav,ad
ad/test/ad-900-part1.wav,ad
ad/test/ad-89-part3.wav,ad
ad/test/ad-1211-part1.wav,ad
ad/test/ad-1992-part3.wav,ad
ad/test/ad-475-part1.wav,ad
ad/test/ad-1819-part1.wav,ad
ad/test/ad-2313-part2.wav,ad
ad/test/ad-2182-part1.wav,ad
ad/test/ad-314-part3.wav,ad
ad/test/ad-2318-part2.wav,ad
ad/test/ad-2302-part1.wav,ad
ad/test/ad-1139-part3.wav,ad
ad/test/ad-1841-part1.wav,ad
ad/test/ad-487-part3.wav,ad
ad/test/ad-1773-part3.wav,ad
ad/test/ad-1943-part2.wav,ad
ad/test/ad-859-part1.wav,ad
ad/test/ad-664-part2.wav,ad
ad/test/ad-1641-part2.wav,ad
ad/test/ad-113-part3.wav,ad
ad/test/ad-2175-part1.wav,ad
ad/test/ad-749-part3.wav,ad
ad/test/ad-1029-part1.wav,ad
ad/test/ad-2038-part1.wav,ad
ad/test/ad-1950-part3.wav,ad
ad/test/ad-67-part3.wav,ad
ad/test/ad-1842-part3.wav,ad
ad/test/ad-1521-part2.wav,ad
ad/test/ad-1704-part1.wav,ad
ad/test/ad-395-part1.wav,ad
ad/test/ad-801-part1.wav,ad
ad/test/ad-729-part1.wav,ad
ad/test/ad-225-part2.wav,ad
ad/test/ad-1338-part3.wav,ad
ad/test/ad-1614-part3.wav,ad
ad/test/ad-129-part2.wav,ad
ad/test/ad-1707-part2.wav,ad
ad/test/ad-1927-part1.wav,ad
ad/test/ad-994-part1.wav,ad
ad/test/ad-341-part1.wav,ad
ad/test/ad-727-part3.wav,ad
ad/test/ad-729-part2.wav,ad
ad/test/ad-1688-part2.wav,ad
ad/test/ad-37-part1.wav,ad
ad/test/ad-848-part2.wav,ad
ad/test/ad-1181-part1.wav,ad
ad/test/ad-364-part1.wav,ad
ad/test/ad-2137-part1.wav,ad
ad/test/ad-1251-part1.wav,ad
ad/test/ad-2234-part3.wav,ad
ad/test/ad-1840-part1.wav,ad
ad/test/ad-495-part1.wav,ad
ad/test/ad-143-part3.wav,ad
ad/test/ad-1841-part2.wav,ad
ad/test/ad-2108-part3.wav,ad
ad/test/ad-1568-part4.wav,ad
ad/test/ad-140-part1.wav,ad
ad/test/ad-1762-part1.wav,ad
ad/test/ad-1444-part3.wav,ad
ad/test/ad-182-part2.wav,ad
ad/test/ad-1007-part1.wav,ad
ad/test/ad-2069-part3.wav,ad
ad/test/ad-1024-part1.wav,ad
ad/test/ad-1344-part3.wav,ad
ad/test/ad-1235-part3.wav,ad
ad/test/ad-1909-part3.wav,ad
ad/test/ad-827-part2.wav,ad
ad/test/ad-2088-part1.wav,ad
ad/test/ad-1464-part1.wav,ad
ad/test/ad-596-part2.wav,ad
ad/test/ad-128-part3.wav,ad
ad/test/ad-507-part2.wav,ad
ad/test/ad-1694-part3.wav,ad
ad/test/ad-311-part2.wav,ad
ad/test/ad-956-part1.wav,ad
ad/test/ad-1282-part2.wav,ad
ad/test/ad-1432-part2.wav,ad
ad/test/ad-1401-part2.wav,ad
ad/test/ad-1319-part1.wav,ad
ad/test/ad-2162-part1.wav,ad
ad/test/ad-203-part2.wav,ad
ad/test/ad-1294-part2.wav,ad
ad/test/ad-1530-part1.wav,ad
ad/test/ad-317-part1.wav,ad
ad/test/ad-376-part1.wav,ad
ad/test/ad-30-part3.wav,ad
ad/test/ad-1366-part1.wav,ad
ad/test/ad-2138-part3.wav,ad
ad/test/ad-1068-part2.wav,ad
ad/test/ad-518-part2.wav,ad
ad/test/ad-416-part5.wav,ad
ad/test/ad-2157-part1.wav,ad
ad/test/ad-19-part2.wav,ad
ad/test/ad-1869-part3.wav,ad
ad/test/ad-1572-part1.wav,ad
ad/test/ad-1320-part1.wav,ad
ad/test/ad-577-part1.wav,ad
ad/test/ad-2202-part4.wav,ad
ad/test/ad-442-part3.wav,ad
ad/test/ad-2168-part3.wav,ad
ad/test/ad-633-part2.wav,ad
ad/test/ad-651-part1.wav,ad
ad/test/ad-1830-part3.wav,ad
ad/test/ad-1899-part1.wav,ad
ad/test/ad-454-part1.wav,ad
ad/test/ad-1067-part1.wav,ad
ad/test/ad-449-part1.wav,ad
ad/test/ad-799-part3.wav,ad
ad/test/ad-2339-part1.wav,ad
ad/test/ad-617-part2.wav,ad
ad/test/ad-1839-part1.wav,ad
ad/test/ad-1925-part2.wav,ad
ad/test/ad-2155-part2.wav,ad
ad/test/ad-1825-part1.wav,ad
ad/test/ad-1810-part4.wav,ad
ad/test/ad-1367-part3.wav,ad
ad/test/ad-2283-part1.wav,ad
ad/test/ad-578-part3.wav,ad
ad/test/ad-2124-part3.wav,ad
ad/test/ad-1742-part1.wav,ad
ad/test/ad-245-part3.wav,ad
ad/test/ad-1358-part3.wav,ad
ad/test/ad-1096-part2.wav,ad
ad/test/ad-517-part3.wav,ad
ad/test/ad-1094-part1.wav,ad
ad/test/ad-1871-part3.wav,ad
ad/test/ad-1648-part2.wav,ad
ad/test/ad-1684-part2.wav,ad
ad/test/ad-2160-part2.wav,ad
ad/test/ad-1871-part2.wav,ad
ad/test/ad-737-part3.wav,ad
ad/test/ad-1987-part1.wav,ad
ad/test/ad-437-part1.wav,ad
ad/test/ad-2013-part3.wav,ad
ad/test/ad-741-part1.wav,ad
ad/test/ad-822-part3.wav,ad
ad/test/ad-446-part1.wav,ad
ad/test/ad-185-part1.wav,ad
ad/test/ad-1061-part3.wav,ad
ad/test/ad-1390-part4.wav,ad
ad/test/ad-1196-part2.wav,ad
ad/test/ad-1862-part4.wav,ad
ad/test/ad-1992-part2.wav,ad
ad/test/ad-679-part2.wav,ad
ad/test/ad-1033-part1.wav,ad
ad/test/ad-1591-part1.wav,ad
ad/test/ad-2345-part4.wav,ad
ad/test/ad-819-part3.wav,ad
ad/test/ad-2157-part2.wav,ad
ad/test/ad-908-part4.wav,ad
ad/test/ad-1358-part1.wav,ad
ad/test/ad-35-part2.wav,ad
ad/test/ad-980-part1.wav,ad
ad/test/ad-2064-part2.wav,ad
ad/test/ad-943-part4.wav,ad
ad/test/ad-1789-part1.wav,ad
ad/test/ad-65-part1.wav,ad
ad/test/ad-1274-part1.wav,ad
ad/test/ad-2013-part2.wav,ad
ad/test/ad-252-part3.wav,ad
ad/test/ad-672-part1.wav,ad
ad/test/ad-849-part4.wav,ad
ad/test/ad-1260-part2.wav,ad
ad/test/ad-411-part3.wav,ad
ad/test/ad-1114-part2.wav,ad
ad/test/ad-1594-part1.wav,ad
ad/test/ad-945-part3.wav,ad
ad/test/ad-121-part3.wav,ad
ad/test/ad-859-part4.wav,ad
ad/test/ad-151-part2.wav,ad
ad/test/ad-2281-part2.wav,ad
ad/test/ad-1536-part2.wav,ad
ad/test/ad-1524-part1.wav,ad
ad/test/ad-288-part3.wav,ad
ad/test/ad-330-part2.wav,ad
ad/test/ad-1546-part1.wav,ad
ad/test/ad-793-part1.wav,ad
ad/test/ad-1427-part1.wav,ad
ad/test/ad-1626-part2.wav,ad
ad/test/ad-2017-part3.wav,ad
ad/test/ad-1958-part2.wav,ad
ad/test/ad-457-part1.wav,ad
ad/test/ad-85-part1.wav,ad
ad/test/ad-1098-part2.wav,ad
ad/test/ad-1614-part4.wav,ad
