,path,positive_labels
0,content/train/bisping-00087-part3.wav,content
1,content/train/bisping-00021-part60.wav,content
2,content/train/bisping-00055-part107.wav,content
3,content/train/bisping-00039-part44.wav,content
4,content/train/bisping-00034-part21.wav,content
5,content/train/bisping-00019-part34.wav,content
6,content/train/bisping-00047-part33.wav,content
7,content/train/bisping-00082-part28.wav,content
8,content/train/bisping-00083-part3.wav,content
9,content/train/bisping-00050-part19.wav,content
10,content/train/bisping-00020-part34.wav,content
11,content/train/bisping-00063-part48.wav,content
12,content/train/bisping-00059-part50.wav,content
13,content/train/bisping-00007-part89.wav,content
14,content/train/bisping-00038-part14.wav,content
15,content/train/bisping-00049-part15.wav,content
16,content/train/bisping-00087-part24.wav,content
17,content/train/bisping-00083-part33.wav,content
18,content/train/bisping-00038-part105.wav,content
19,content/train/bisping-00004-part22.wav,content
20,content/train/bisping-00019-part113.wav,content
21,content/train/bisping-00019-part126.wav,content
22,content/train/bisping-00003-part17.wav,content
23,content/train/bisping-00041-part20.wav,content
24,content/train/bisping-00062-part35.wav,content
25,content/train/bisping-00086-part8.wav,content
26,content/train/bisping-00061-part28.wav,content
27,content/train/bisping-00065-part6.wav,content
28,content/train/bisping-00061-part66.wav,content
29,content/train/bisping-00067-part141.wav,content
30,content/train/bisping-00038-part16.wav,content
31,content/train/bisping-00021-part54.wav,content
32,content/train/bisping-00076-part27.wav,content
33,content/train/bisping-00058-part24.wav,content
34,content/train/bisping-00049-part33.wav,content
35,content/train/bisping-00040-part70.wav,content
36,content/train/bisping-00044-part12.wav,content
37,content/train/bisping-00079-part30.wav,content
38,content/train/bisping-00003-part27.wav,content
39,content/train/bisping-00020-part126.wav,content
40,content/train/bisping-00034-part29.wav,content
41,content/train/bisping-00087-part40.wav,content
42,content/train/bisping-00067-part98.wav,content
43,content/train/bisping-00041-part40.wav,content
44,content/train/bisping-00013-part26.wav,content
45,content/train/bisping-00009-part68.wav,content
46,content/train/bisping-00027-part12.wav,content
47,content/train/bisping-00086-part119.wav,content
48,content/train/bisping-00012-part42.wav,content
49,content/train/bisping-00081-part33.wav,content
50,content/train/bisping-00017-part3.wav,content
51,content/train/bisping-00070-part4.wav,content
52,content/train/bisping-00061-part52.wav,content
53,content/train/bisping-00067-part130.wav,content
54,content/train/bisping-00069-part12.wav,content
55,content/train/bisping-00021-part39.wav,content
56,content/train/bisping-00066-part62.wav,content
57,content/train/bisping-00046-part12.wav,content
58,content/train/bisping-00013-part25.wav,content
59,content/train/bisping-00075-part3.wav,content
60,content/train/bisping-00033-part29.wav,content
61,content/train/bisping-00030-part26.wav,content
62,content/train/bisping-00015-part24.wav,content
63,content/train/bisping-00065-part73.wav,content
64,content/train/bisping-00046-part47.wav,content
65,content/train/bisping-00067-part63.wav,content
66,content/train/bisping-00083-part2.wav,content
67,content/train/bisping-00001-part73.wav,content
68,content/train/bisping-00082-part29.wav,content
69,content/train/bisping-00046-part17.wav,content
70,content/train/bisping-00031-part14.wav,content
71,content/train/bisping-00076-part16.wav,content
72,content/train/bisping-00019-part122.wav,content
73,content/train/bisping-00081-part31.wav,content
74,content/train/bisping-00087-part2.wav,content
75,content/train/bisping-00063-part70.wav,content
76,content/train/bisping-00001-part74.wav,content
77,content/train/bisping-00055-part76.wav,content
78,content/train/bisping-00050-part41.wav,content
79,content/train/bisping-00044-part16.wav,content
80,content/train/bisping-00036-part61.wav,content
81,content/train/bisping-00054-part37.wav,content
82,content/train/bisping-00049-part58.wav,content
83,content/train/bisping-00033-part13.wav,content
84,content/train/bisping-00067-part38.wav,content
85,content/train/bisping-00043-part2.wav,content
86,content/train/bisping-00064-part74.wav,content
87,content/train/bisping-00009-part11.wav,content
88,content/train/bisping-00036-part18.wav,content
89,content/train/bisping-00079-part15.wav,content
90,content/train/bisping-00078-part13.wav,content
91,content/train/bisping-00008-part25.wav,content
92,content/train/bisping-00046-part40.wav,content
93,content/train/bisping-00067-part73.wav,content
94,content/train/bisping-00047-part74.wav,content
95,content/train/bisping-00063-part29.wav,content
96,content/train/bisping-00028-part9.wav,content
97,content/train/bisping-00046-part30.wav,content
98,content/train/bisping-00004-part31.wav,content
99,content/train/bisping-00047-part42.wav,content
100,content/train/bisping-00052-part20.wav,content
101,content/train/bisping-00034-part52.wav,content
102,content/train/bisping-00034-part56.wav,content
103,content/train/bisping-00009-part66.wav,content
104,content/train/bisping-00031-part9.wav,content
105,content/train/bisping-00061-part29.wav,content
106,content/train/bisping-00015-part25.wav,content
107,content/train/bisping-00002-part61.wav,content
108,content/train/bisping-00023-part17.wav,content
109,content/train/bisping-00021-part31.wav,content
110,content/train/bisping-00013-part21.wav,content
111,content/train/bisping-00086-part43.wav,content
112,content/train/bisping-00049-part6.wav,content
113,content/train/bisping-00011-part102.wav,content
114,content/train/bisping-00069-part7.wav,content
115,content/train/bisping-00033-part39.wav,content
116,content/train/bisping-00006-part26.wav,content
117,content/train/bisping-00033-part8.wav,content
118,content/train/bisping-00017-part49.wav,content
119,content/train/bisping-00046-part55.wav,content
120,content/train/bisping-00045-part38.wav,content
121,content/train/bisping-00038-part4.wav,content
122,content/train/bisping-00047-part54.wav,content
123,content/train/bisping-00043-part32.wav,content
124,content/train/bisping-00011-part136.wav,content
125,content/train/bisping-00052-part42.wav,content
126,content/train/bisping-00082-part41.wav,content
127,content/train/bisping-00038-part77.wav,content
128,content/train/bisping-00017-part24.wav,content
129,content/train/bisping-00005-part20.wav,content
130,content/train/bisping-00011-part53.wav,content
131,content/train/bisping-00021-part77.wav,content
132,content/train/bisping-00012-part76.wav,content
133,content/train/bisping-00052-part3.wav,content
134,content/train/bisping-00001-part46.wav,content
135,content/train/bisping-00068-part124.wav,content
136,content/train/bisping-00003-part71.wav,content
137,content/train/bisping-00078-part47.wav,content
138,content/train/bisping-00057-part10.wav,content
139,content/train/bisping-00035-part13.wav,content
140,content/train/bisping-00006-part38.wav,content
141,content/train/bisping-00075-part47.wav,content
142,content/train/bisping-00083-part40.wav,content
143,content/train/bisping-00070-part10.wav,content
144,content/train/bisping-00080-part47.wav,content
145,content/train/bisping-00036-part68.wav,content
146,content/train/bisping-00057-part25.wav,content
147,content/train/bisping-00019-part31.wav,content
148,content/train/bisping-00080-part28.wav,content
149,content/train/bisping-00061-part37.wav,content
150,content/train/bisping-00004-part58.wav,content
151,content/train/bisping-00062-part20.wav,content
152,content/train/bisping-00021-part38.wav,content
153,content/train/bisping-00068-part127.wav,content
154,content/train/bisping-00031-part22.wav,content
155,content/train/bisping-00010-part8.wav,content
156,content/train/bisping-00057-part18.wav,content
157,content/train/bisping-00037-part19.wav,content
158,content/train/bisping-00072-part7.wav,content
159,content/train/bisping-00046-part22.wav,content
160,content/train/bisping-00077-part17.wav,content
161,content/train/bisping-00087-part30.wav,content
162,content/train/bisping-00062-part46.wav,content
163,content/train/bisping-00036-part6.wav,content
164,content/train/bisping-00020-part22.wav,content
165,content/train/bisping-00059-part57.wav,content
166,content/train/bisping-00036-part47.wav,content
167,content/train/bisping-00053-part24.wav,content
168,content/train/bisping-00037-part87.wav,content
169,content/train/bisping-00017-part94.wav,content
170,content/train/bisping-00034-part53.wav,content
171,content/train/bisping-00041-part35.wav,content
172,content/train/bisping-00022-part14.wav,content
173,content/train/bisping-00007-part81.wav,content
174,content/train/bisping-00036-part76.wav,content
175,content/train/bisping-00015-part4.wav,content
176,content/train/bisping-00001-part44.wav,content
177,content/train/bisping-00054-part8.wav,content
178,content/train/bisping-00057-part67.wav,content
179,content/train/bisping-00040-part30.wav,content
180,content/train/bisping-00063-part23.wav,content
181,content/train/bisping-00017-part127.wav,content
182,content/train/bisping-00083-part43.wav,content
183,content/train/bisping-00062-part60.wav,content
184,content/train/bisping-00003-part19.wav,content
185,content/train/bisping-00047-part27.wav,content
186,content/train/bisping-00039-part1.wav,content
187,content/train/bisping-00039-part9.wav,content
188,content/train/bisping-00008-part84.wav,content
189,content/train/bisping-00008-part39.wav,content
190,content/train/bisping-00075-part62.wav,content
191,content/train/bisping-00002-part51.wav,content
192,content/train/bisping-00019-part38.wav,content
193,content/train/bisping-00083-part21.wav,content
194,content/train/bisping-00050-part49.wav,content
195,content/train/bisping-00018-part62.wav,content
196,content/train/bisping-00061-part50.wav,content
197,content/train/bisping-00004-part13.wav,content
198,content/train/bisping-00002-part14.wav,content
199,content/train/bisping-00012-part43.wav,content
200,content/train/bisping-00083-part20.wav,content
201,content/train/bisping-00024-part29.wav,content
202,content/train/bisping-00059-part54.wav,content
203,content/train/bisping-00034-part7.wav,content
204,content/train/bisping-00068-part112.wav,content
205,content/train/bisping-00076-part12.wav,content
206,content/train/bisping-00063-part20.wav,content
207,content/train/bisping-00070-part36.wav,content
208,content/train/bisping-00059-part69.wav,content
209,content/train/bisping-00008-part72.wav,content
210,content/train/bisping-00024-part16.wav,content
211,content/train/bisping-00089-part19.wav,content
212,content/train/bisping-00007-part46.wav,content
213,content/train/bisping-00042-part38.wav,content
214,content/train/bisping-00063-part9.wav,content
215,content/train/bisping-00073-part25.wav,content
216,content/train/bisping-00008-part41.wav,content
217,content/train/bisping-00006-part4.wav,content
218,content/train/bisping-00020-part30.wav,content
219,content/train/bisping-00036-part85.wav,content
220,content/train/bisping-00070-part41.wav,content
221,content/train/bisping-00030-part21.wav,content
222,content/train/bisping-00018-part55.wav,content
223,content/train/bisping-00045-part25.wav,content
224,content/train/bisping-00079-part40.wav,content
225,content/train/bisping-00002-part17.wav,content
226,content/train/bisping-00030-part24.wav,content
227,content/train/bisping-00063-part17.wav,content
228,content/train/bisping-00062-part40.wav,content
229,content/train/bisping-00063-part16.wav,content
230,content/train/bisping-00086-part144.wav,content
231,content/train/bisping-00051-part21.wav,content
232,content/train/bisping-00024-part14.wav,content
233,content/train/bisping-00003-part91.wav,content
234,content/train/bisping-00067-part47.wav,content
235,content/train/bisping-00043-part13.wav,content
236,content/train/bisping-00020-part117.wav,content
237,content/train/bisping-00018-part28.wav,content
238,content/train/bisping-00066-part64.wav,content
239,content/train/bisping-00058-part25.wav,content
240,content/train/bisping-00067-part74.wav,content
241,content/train/bisping-00055-part93.wav,content
242,content/train/bisping-00076-part33.wav,content
243,content/train/bisping-00072-part64.wav,content
244,content/train/bisping-00080-part11.wav,content
245,content/train/bisping-00046-part18.wav,content
246,content/train/bisping-00058-part45.wav,content
247,content/train/bisping-00015-part29.wav,content
248,content/train/bisping-00050-part11.wav,content
249,content/train/bisping-00014-part32.wav,content
250,content/train/bisping-00003-part28.wav,content
251,content/train/bisping-00049-part65.wav,content
252,content/train/bisping-00005-part13.wav,content
253,content/train/bisping-00081-part4.wav,content
254,content/train/bisping-00077-part42.wav,content
255,content/train/bisping-00064-part37.wav,content
256,content/train/bisping-00060-part26.wav,content
257,content/train/bisping-00047-part69.wav,content
258,content/train/bisping-00036-part84.wav,content
259,content/train/bisping-00067-part62.wav,content
260,content/train/bisping-00003-part20.wav,content
261,content/train/bisping-00036-part58.wav,content
262,content/train/bisping-00048-part6.wav,content
263,content/train/bisping-00009-part22.wav,content
264,content/train/bisping-00001-part2.wav,content
265,content/train/bisping-00033-part5.wav,content
266,content/train/bisping-00073-part49.wav,content
267,content/train/bisping-00085-part4.wav,content
268,content/train/bisping-00019-part69.wav,content
269,content/train/bisping-00002-part39.wav,content
270,content/train/bisping-00012-part2.wav,content
271,content/train/bisping-00047-part44.wav,content
272,content/train/bisping-00057-part89.wav,content
273,content/train/bisping-00088-part6.wav,content
274,content/train/bisping-00065-part8.wav,content
275,content/train/bisping-00049-part47.wav,content
276,content/train/bisping-00070-part18.wav,content
277,content/train/bisping-00020-part55.wav,content
278,content/train/bisping-00011-part23.wav,content
279,content/train/bisping-00065-part85.wav,content
280,content/train/bisping-00003-part44.wav,content
281,content/train/bisping-00017-part8.wav,content
282,content/train/bisping-00044-part39.wav,content
283,content/train/bisping-00021-part58.wav,content
284,content/train/bisping-00064-part17.wav,content
285,content/train/bisping-00033-part42.wav,content
286,content/train/bisping-00017-part108.wav,content
287,content/train/bisping-00009-part40.wav,content
288,content/train/bisping-00053-part35.wav,content
289,content/train/bisping-00016-part18.wav,content
290,content/train/bisping-00011-part18.wav,content
291,content/train/bisping-00018-part40.wav,content
292,content/train/bisping-00055-part126.wav,content
293,content/train/bisping-00064-part27.wav,content
294,content/train/bisping-00080-part7.wav,content
295,content/train/bisping-00083-part28.wav,content
296,content/train/bisping-00033-part26.wav,content
297,content/train/bisping-00076-part3.wav,content
298,content/train/bisping-00031-part17.wav,content
299,content/train/bisping-00058-part36.wav,content
300,content/train/bisping-00079-part10.wav,content
301,content/train/bisping-00019-part86.wav,content
302,content/train/bisping-00060-part31.wav,content
303,content/train/bisping-00068-part87.wav,content
304,content/train/bisping-00085-part5.wav,content
305,content/train/bisping-00034-part68.wav,content
306,content/train/bisping-00054-part53.wav,content
307,content/train/bisping-00059-part43.wav,content
308,content/train/bisping-00018-part75.wav,content
309,content/train/bisping-00035-part51.wav,content
310,content/train/bisping-00010-part17.wav,content
311,content/train/bisping-00017-part41.wav,content
312,content/train/bisping-00087-part32.wav,content
313,content/train/bisping-00011-part47.wav,content
314,content/train/bisping-00064-part49.wav,content
315,content/train/bisping-00059-part26.wav,content
316,content/train/bisping-00088-part8.wav,content
317,content/train/bisping-00002-part26.wav,content
318,content/train/bisping-00090-part1.wav,content
319,content/train/bisping-00034-part43.wav,content
320,content/train/bisping-00075-part65.wav,content
321,content/train/bisping-00033-part47.wav,content
322,content/train/bisping-00083-part42.wav,content
323,content/train/bisping-00028-part2.wav,content
324,content/train/bisping-00044-part66.wav,content
325,content/train/bisping-00009-part60.wav,content
326,content/train/bisping-00004-part24.wav,content
327,content/train/bisping-00053-part5.wav,content
328,content/train/bisping-00090-part45.wav,content
329,content/train/bisping-00007-part108.wav,content
330,content/train/bisping-00049-part9.wav,content
331,content/train/bisping-00086-part129.wav,content
332,content/train/bisping-00068-part89.wav,content
333,content/train/bisping-00020-part104.wav,content
334,content/train/bisping-00017-part87.wav,content
335,content/train/bisping-00066-part47.wav,content
336,content/train/bisping-00081-part50.wav,content
337,content/train/bisping-00067-part34.wav,content
338,content/train/bisping-00043-part62.wav,content
339,content/train/bisping-00081-part25.wav,content
340,content/train/bisping-00011-part38.wav,content
341,content/train/bisping-00017-part70.wav,content
342,content/train/bisping-00017-part47.wav,content
343,content/train/bisping-00005-part30.wav,content
344,content/train/bisping-00057-part41.wav,content
345,content/train/bisping-00021-part61.wav,content
346,content/train/bisping-00021-part71.wav,content
347,content/train/bisping-00057-part44.wav,content
348,content/train/bisping-00045-part16.wav,content
349,content/train/bisping-00057-part47.wav,content
350,content/train/bisping-00063-part14.wav,content
351,content/train/bisping-00008-part18.wav,content
352,content/train/bisping-00086-part36.wav,content
353,content/train/bisping-00002-part58.wav,content
354,content/train/bisping-00012-part9.wav,content
355,content/train/bisping-00047-part68.wav,content
356,content/train/bisping-00052-part17.wav,content
357,content/train/bisping-00087-part17.wav,content
358,content/train/bisping-00004-part57.wav,content
359,content/train/bisping-00001-part65.wav,content
360,content/train/bisping-00067-part145.wav,content
361,content/train/bisping-00025-part6.wav,content
362,content/train/bisping-00049-part23.wav,content
363,content/train/bisping-00081-part43.wav,content
364,content/train/bisping-00062-part42.wav,content
365,content/train/bisping-00063-part72.wav,content
366,content/train/bisping-00039-part8.wav,content
367,content/train/bisping-00055-part78.wav,content
368,content/train/bisping-00006-part14.wav,content
369,content/train/bisping-00020-part133.wav,content
370,content/train/bisping-00067-part23.wav,content
371,content/train/bisping-00030-part22.wav,content
372,content/train/bisping-00055-part35.wav,content
373,content/train/bisping-00079-part23.wav,content
374,content/train/bisping-00037-part61.wav,content
375,content/train/bisping-00055-part80.wav,content
376,content/train/bisping-00043-part58.wav,content
377,content/train/bisping-00063-part37.wav,content
378,content/train/bisping-00013-part38.wav,content
379,content/train/bisping-00010-part13.wav,content
380,content/train/bisping-00013-part27.wav,content
381,content/train/bisping-00008-part28.wav,content
382,content/train/bisping-00014-part8.wav,content
383,content/train/bisping-00019-part66.wav,content
384,content/train/bisping-00038-part90.wav,content
385,content/train/bisping-00024-part13.wav,content
386,content/train/bisping-00046-part48.wav,content
387,content/train/bisping-00013-part45.wav,content
388,content/train/bisping-00090-part6.wav,content
389,content/train/bisping-00068-part33.wav,content
390,content/train/bisping-00072-part54.wav,content
391,content/train/bisping-00001-part29.wav,content
392,content/train/bisping-00011-part77.wav,content
393,content/train/bisping-00061-part54.wav,content
394,content/train/bisping-00071-part25.wav,content
395,content/train/bisping-00049-part18.wav,content
396,content/train/bisping-00008-part46.wav,content
397,content/train/bisping-00027-part22.wav,content
398,content/train/bisping-00047-part67.wav,content
399,content/train/bisping-00018-part30.wav,content
400,content/train/bisping-00017-part112.wav,content
401,content/train/bisping-00080-part18.wav,content
402,content/train/bisping-00008-part13.wav,content
403,content/train/bisping-00022-part20.wav,content
404,content/train/bisping-00042-part24.wav,content
405,content/train/bisping-00047-part6.wav,content
406,content/train/bisping-00077-part9.wav,content
407,content/train/bisping-00036-part10.wav,content
408,content/train/bisping-00060-part15.wav,content
409,content/train/bisping-00039-part11.wav,content
410,content/train/bisping-00019-part25.wav,content
411,content/train/bisping-00021-part47.wav,content
412,content/train/bisping-00075-part31.wav,content
413,content/train/bisping-00004-part54.wav,content
414,content/train/bisping-00068-part5.wav,content
415,content/train/bisping-00049-part53.wav,content
416,content/train/bisping-00068-part128.wav,content
417,content/train/bisping-00048-part46.wav,content
418,content/train/bisping-00047-part26.wav,content
419,content/train/bisping-00059-part63.wav,content
420,content/train/bisping-00056-part9.wav,content
421,content/train/bisping-00052-part52.wav,content
422,content/train/bisping-00009-part25.wav,content
423,content/train/bisping-00070-part60.wav,content
424,content/train/bisping-00007-part47.wav,content
425,content/train/bisping-00040-part48.wav,content
426,content/train/bisping-00043-part8.wav,content
427,content/train/bisping-00003-part50.wav,content
428,content/train/bisping-00064-part19.wav,content
429,content/train/bisping-00046-part42.wav,content
430,content/train/bisping-00087-part28.wav,content
431,content/train/bisping-00003-part86.wav,content
432,content/train/bisping-00012-part86.wav,content
433,content/train/bisping-00044-part55.wav,content
434,content/train/bisping-00015-part10.wav,content
435,content/train/bisping-00019-part22.wav,content
436,content/train/bisping-00059-part21.wav,content
437,content/train/bisping-00004-part37.wav,content
438,content/train/bisping-00076-part34.wav,content
439,content/train/bisping-00040-part52.wav,content
440,content/train/bisping-00023-part6.wav,content
441,content/train/bisping-00032-part1.wav,content
442,content/train/bisping-00081-part8.wav,content
443,content/train/bisping-00011-part148.wav,content
444,content/train/bisping-00068-part22.wav,content
445,content/train/bisping-00007-part79.wav,content
446,content/train/bisping-00078-part2.wav,content
447,content/train/bisping-00036-part81.wav,content
448,content/train/bisping-00019-part70.wav,content
449,content/train/bisping-00083-part56.wav,content
450,content/train/bisping-00086-part110.wav,content
451,content/train/bisping-00050-part59.wav,content
452,content/train/bisping-00012-part62.wav,content
453,content/train/bisping-00023-part12.wav,content
454,content/train/bisping-00009-part23.wav,content
455,content/train/bisping-00038-part43.wav,content
456,content/train/bisping-00027-part16.wav,content
457,content/train/bisping-00063-part61.wav,content
458,content/train/bisping-00049-part17.wav,content
459,content/train/bisping-00020-part50.wav,content
460,content/train/bisping-00001-part32.wav,content
461,content/train/bisping-00020-part12.wav,content
462,content/train/bisping-00054-part20.wav,content
463,content/train/bisping-00019-part65.wav,content
464,content/train/bisping-00057-part37.wav,content
465,content/train/bisping-00008-part8.wav,content
466,content/train/bisping-00011-part88.wav,content
467,content/train/bisping-00057-part33.wav,content
468,content/train/bisping-00086-part80.wav,content
469,content/train/bisping-00057-part45.wav,content
470,content/train/bisping-00070-part45.wav,content
471,content/train/bisping-00086-part62.wav,content
472,content/train/bisping-00009-part56.wav,content
473,content/train/bisping-00083-part51.wav,content
474,content/train/bisping-00011-part89.wav,content
475,content/train/bisping-00019-part68.wav,content
476,content/train/bisping-00001-part21.wav,content
477,content/train/bisping-00053-part12.wav,content
478,content/train/bisping-00086-part128.wav,content
479,content/train/bisping-00007-part36.wav,content
480,content/train/bisping-00064-part10.wav,content
481,content/train/bisping-00062-part9.wav,content
482,content/train/bisping-00064-part77.wav,content
483,content/train/bisping-00003-part60.wav,content
484,content/train/bisping-00016-part1.wav,content
485,content/train/bisping-00003-part73.wav,content
486,content/train/bisping-00068-part66.wav,content
487,content/train/bisping-00019-part109.wav,content
488,content/train/bisping-00087-part37.wav,content
489,content/train/bisping-00068-part20.wav,content
490,content/train/bisping-00047-part58.wav,content
491,content/train/bisping-00059-part5.wav,content
492,content/train/bisping-00056-part8.wav,content
493,content/train/bisping-00087-part31.wav,content
494,content/train/bisping-00019-part14.wav,content
495,content/train/bisping-00079-part36.wav,content
496,content/train/bisping-00017-part98.wav,content
497,content/train/bisping-00055-part119.wav,content
498,content/train/bisping-00038-part11.wav,content
499,content/train/bisping-00002-part15.wav,content
500,content/train/bisping-00043-part38.wav,content
501,content/train/bisping-00012-part29.wav,content
502,content/train/bisping-00018-part44.wav,content
503,content/train/bisping-00009-part33.wav,content
504,content/train/bisping-00004-part17.wav,content
505,content/train/bisping-00061-part40.wav,content
506,content/train/bisping-00052-part47.wav,content
507,content/train/bisping-00006-part19.wav,content
508,content/train/bisping-00053-part25.wav,content
509,content/train/bisping-00068-part74.wav,content
510,content/train/bisping-00078-part17.wav,content
511,content/train/bisping-00087-part46.wav,content
512,content/train/bisping-00040-part86.wav,content
513,content/train/bisping-00055-part29.wav,content
514,content/train/bisping-00054-part11.wav,content
515,content/train/bisping-00061-part92.wav,content
516,content/train/bisping-00017-part62.wav,content
517,content/train/bisping-00086-part83.wav,content
518,content/train/bisping-00020-part111.wav,content
519,content/train/bisping-00082-part39.wav,content
520,content/train/bisping-00078-part23.wav,content
521,content/train/bisping-00020-part53.wav,content
522,content/train/bisping-00021-part93.wav,content
523,content/train/bisping-00054-part34.wav,content
524,content/train/bisping-00049-part31.wav,content
525,content/train/bisping-00082-part48.wav,content
526,content/train/bisping-00049-part37.wav,content
527,content/train/bisping-00035-part39.wav,content
528,content/train/bisping-00036-part82.wav,content
529,content/train/bisping-00081-part28.wav,content
530,content/train/bisping-00055-part66.wav,content
531,content/train/bisping-00063-part38.wav,content
532,content/train/bisping-00055-part63.wav,content
533,content/train/bisping-00083-part7.wav,content
534,content/train/bisping-00040-part31.wav,content
535,content/train/bisping-00071-part34.wav,content
536,content/train/bisping-00014-part2.wav,content
537,content/train/bisping-00024-part2.wav,content
538,content/train/bisping-00048-part21.wav,content
539,content/train/bisping-00063-part2.wav,content
540,content/train/bisping-00002-part49.wav,content
541,content/train/bisping-00033-part27.wav,content
542,content/train/bisping-00027-part33.wav,content
543,content/train/bisping-00019-part114.wav,content
544,content/train/bisping-00007-part19.wav,content
545,content/train/bisping-00001-part52.wav,content
546,content/train/bisping-00039-part31.wav,content
547,content/train/bisping-00063-part64.wav,content
548,content/train/bisping-00001-part56.wav,content
549,content/train/bisping-00067-part77.wav,content
550,content/train/bisping-00008-part52.wav,content
551,content/train/bisping-00055-part18.wav,content
552,content/train/bisping-00020-part94.wav,content
553,content/train/bisping-00017-part36.wav,content
554,content/train/bisping-00040-part60.wav,content
555,content/train/bisping-00061-part58.wav,content
556,content/train/bisping-00033-part33.wav,content
557,content/train/bisping-00020-part129.wav,content
558,content/train/bisping-00067-part68.wav,content
559,content/train/bisping-00043-part35.wav,content
560,content/train/bisping-00037-part15.wav,content
561,content/train/bisping-00075-part60.wav,content
562,content/train/bisping-00068-part108.wav,content
563,content/train/bisping-00065-part53.wav,content
564,content/train/bisping-00070-part53.wav,content
565,content/train/bisping-00066-part65.wav,content
566,content/train/bisping-00011-part145.wav,content
567,content/train/bisping-00049-part74.wav,content
568,content/train/bisping-00017-part74.wav,content
569,content/train/bisping-00005-part18.wav,content
570,content/train/bisping-00014-part10.wav,content
571,content/train/bisping-00034-part38.wav,content
572,content/train/bisping-00048-part43.wav,content
573,content/train/bisping-00040-part21.wav,content
574,content/train/bisping-00067-part86.wav,content
575,content/train/bisping-00058-part56.wav,content
576,content/train/bisping-00001-part59.wav,content
577,content/train/bisping-00058-part55.wav,content
578,content/train/bisping-00008-part70.wav,content
579,content/train/bisping-00088-part4.wav,content
580,content/train/bisping-00063-part68.wav,content
581,content/train/bisping-00061-part25.wav,content
582,content/train/bisping-00072-part15.wav,content
583,content/train/bisping-00021-part66.wav,content
584,content/train/bisping-00088-part7.wav,content
585,content/train/bisping-00022-part35.wav,content
586,content/train/bisping-00039-part5.wav,content
587,content/train/bisping-00059-part60.wav,content
588,content/train/bisping-00017-part68.wav,content
589,content/train/bisping-00069-part35.wav,content
590,content/train/bisping-00055-part91.wav,content
591,content/train/bisping-00077-part24.wav,content
592,content/train/bisping-00007-part48.wav,content
593,content/train/bisping-00065-part46.wav,content
594,content/train/bisping-00045-part60.wav,content
595,content/train/bisping-00073-part23.wav,content
596,content/train/bisping-00085-part11.wav,content
597,content/train/bisping-00043-part21.wav,content
598,content/train/bisping-00045-part31.wav,content
599,content/train/bisping-00059-part19.wav,content
600,content/train/bisping-00014-part19.wav,content
601,content/train/bisping-00014-part24.wav,content
602,content/train/bisping-00044-part73.wav,content
603,content/train/bisping-00083-part31.wav,content
604,content/train/bisping-00081-part38.wav,content
605,content/train/bisping-00048-part11.wav,content
606,content/train/bisping-00073-part47.wav,content
607,content/train/bisping-00038-part24.wav,content
608,content/train/bisping-00086-part57.wav,content
609,content/train/bisping-00020-part80.wav,content
610,content/train/bisping-00044-part47.wav,content
611,content/train/bisping-00039-part21.wav,content
612,content/train/bisping-00004-part49.wav,content
613,content/train/bisping-00080-part8.wav,content
614,content/train/bisping-00001-part24.wav,content
615,content/train/bisping-00045-part2.wav,content
616,content/train/bisping-00075-part19.wav,content
617,content/train/bisping-00068-part9.wav,content
618,content/train/bisping-00007-part98.wav,content
619,content/train/bisping-00021-part28.wav,content
620,content/train/bisping-00001-part35.wav,content
621,content/train/bisping-00089-part14.wav,content
622,content/train/bisping-00007-part94.wav,content
623,content/train/bisping-00017-part67.wav,content
624,content/train/bisping-00086-part124.wav,content
625,content/train/bisping-00066-part76.wav,content
626,content/train/bisping-00062-part4.wav,content
627,content/train/bisping-00075-part58.wav,content
628,content/train/bisping-00037-part64.wav,content
629,content/train/bisping-00042-part33.wav,content
630,content/train/bisping-00031-part25.wav,content
631,content/train/bisping-00082-part14.wav,content
632,content/train/bisping-00024-part26.wav,content
633,content/train/bisping-00080-part3.wav,content
634,content/train/bisping-00011-part98.wav,content
635,content/train/bisping-00018-part90.wav,content
636,content/train/bisping-00024-part22.wav,content
637,content/train/bisping-00017-part27.wav,content
638,content/train/bisping-00003-part43.wav,content
639,content/train/bisping-00004-part19.wav,content
640,content/train/bisping-00020-part59.wav,content
641,content/train/bisping-00067-part51.wav,content
642,content/train/bisping-00081-part48.wav,content
643,content/train/bisping-00011-part108.wav,content
644,content/train/bisping-00079-part53.wav,content
645,content/train/bisping-00057-part76.wav,content
646,content/train/bisping-00021-part104.wav,content
647,content/train/bisping-00065-part57.wav,content
648,content/train/bisping-00012-part32.wav,content
649,content/train/bisping-00070-part11.wav,content
650,content/train/bisping-00086-part35.wav,content
651,content/train/bisping-00086-part25.wav,content
652,content/train/bisping-00034-part4.wav,content
653,content/train/bisping-00030-part31.wav,content
654,content/train/bisping-00012-part81.wav,content
655,content/train/bisping-00086-part60.wav,content
656,content/train/bisping-00001-part47.wav,content
657,content/train/bisping-00070-part31.wav,content
658,content/train/bisping-00018-part68.wav,content
659,content/train/bisping-00038-part86.wav,content
660,content/train/bisping-00019-part20.wav,content
661,content/train/bisping-00078-part3.wav,content
662,content/train/bisping-00064-part97.wav,content
663,content/train/bisping-00034-part32.wav,content
664,content/train/bisping-00004-part47.wav,content
665,content/train/bisping-00043-part26.wav,content
666,content/train/bisping-00061-part96.wav,content
667,content/train/bisping-00017-part129.wav,content
668,content/train/bisping-00016-part13.wav,content
669,content/train/bisping-00076-part20.wav,content
670,content/train/bisping-00008-part68.wav,content
671,content/train/bisping-00021-part29.wav,content
672,content/train/bisping-00030-part23.wav,content
673,content/train/bisping-00078-part52.wav,content
674,content/train/bisping-00057-part6.wav,content
675,content/train/bisping-00043-part49.wav,content
676,content/train/bisping-00019-part18.wav,content
677,content/train/bisping-00041-part34.wav,content
678,content/train/bisping-00017-part45.wav,content
679,content/train/bisping-00044-part53.wav,content
680,content/train/bisping-00007-part21.wav,content
681,content/train/bisping-00045-part6.wav,content
682,content/train/bisping-00001-part26.wav,content
683,content/train/bisping-00056-part12.wav,content
684,content/train/bisping-00009-part54.wav,content
685,content/train/bisping-00068-part81.wav,content
686,content/train/bisping-00068-part26.wav,content
687,content/train/bisping-00020-part116.wav,content
688,content/train/bisping-00064-part60.wav,content
689,content/train/bisping-00065-part66.wav,content
690,content/train/bisping-00062-part69.wav,content
691,content/train/bisping-00078-part50.wav,content
692,content/train/bisping-00007-part69.wav,content
693,content/train/bisping-00084-part12.wav,content
694,content/train/bisping-00018-part79.wav,content
695,content/train/bisping-00037-part49.wav,content
696,content/train/bisping-00015-part7.wav,content
697,content/train/bisping-00083-part19.wav,content
698,content/train/bisping-00039-part46.wav,content
699,content/train/bisping-00008-part73.wav,content
700,content/train/bisping-00082-part25.wav,content
701,content/train/bisping-00043-part56.wav,content
702,content/train/bisping-00072-part24.wav,content
703,content/train/bisping-00082-part26.wav,content
704,content/train/bisping-00036-part12.wav,content
705,content/train/bisping-00057-part14.wav,content
706,content/train/bisping-00036-part60.wav,content
707,content/train/bisping-00044-part40.wav,content
708,content/train/bisping-00008-part40.wav,content
709,content/train/bisping-00070-part16.wav,content
710,content/train/bisping-00075-part69.wav,content
711,content/train/bisping-00068-part17.wav,content
712,content/train/bisping-00062-part52.wav,content
713,content/train/bisping-00072-part27.wav,content
714,content/train/bisping-00068-part75.wav,content
715,content/train/bisping-00052-part27.wav,content
716,content/train/bisping-00071-part24.wav,content
717,content/train/bisping-00082-part37.wav,content
718,content/train/bisping-00013-part20.wav,content
719,content/train/bisping-00040-part36.wav,content
720,content/train/bisping-00052-part54.wav,content
721,content/train/bisping-00065-part21.wav,content
722,content/train/bisping-00086-part79.wav,content
723,content/train/bisping-00011-part100.wav,content
724,content/train/bisping-00068-part90.wav,content
725,content/train/bisping-00074-part12.wav,content
726,content/train/bisping-00011-part78.wav,content
727,content/train/bisping-00057-part80.wav,content
728,content/train/bisping-00045-part48.wav,content
729,content/train/bisping-00073-part8.wav,content
730,content/train/bisping-00047-part19.wav,content
731,content/train/bisping-00016-part21.wav,content
732,content/train/bisping-00019-part116.wav,content
733,content/train/bisping-00009-part14.wav,content
734,content/train/bisping-00057-part28.wav,content
735,content/train/bisping-00082-part31.wav,content
736,content/train/bisping-00035-part19.wav,content
737,content/train/bisping-00059-part42.wav,content
738,content/train/bisping-00012-part75.wav,content
739,content/train/bisping-00033-part45.wav,content
740,content/train/bisping-00059-part48.wav,content
741,content/train/bisping-00004-part26.wav,content
742,content/train/bisping-00066-part6.wav,content
743,content/train/bisping-00068-part27.wav,content
744,content/train/bisping-00043-part61.wav,content
745,content/train/bisping-00036-part19.wav,content
746,content/train/bisping-00016-part14.wav,content
747,content/train/bisping-00037-part37.wav,content
748,content/train/bisping-00040-part53.wav,content
749,content/train/bisping-00067-part28.wav,content
750,content/train/bisping-00019-part87.wav,content
751,content/train/bisping-00068-part45.wav,content
752,content/train/bisping-00007-part8.wav,content
753,content/train/bisping-00003-part67.wav,content
754,content/train/bisping-00007-part88.wav,content
755,content/train/bisping-00021-part65.wav,content
756,content/train/bisping-00061-part13.wav,content
757,content/train/bisping-00019-part56.wav,content
758,content/train/bisping-00062-part68.wav,content
759,content/train/bisping-00069-part3.wav,content
760,content/train/bisping-00017-part13.wav,content
761,content/train/bisping-00038-part47.wav,content
762,content/train/bisping-00063-part51.wav,content
763,content/train/bisping-00004-part9.wav,content
764,content/train/bisping-00059-part58.wav,content
765,content/train/bisping-00002-part40.wav,content
766,content/train/bisping-00077-part1.wav,content
767,content/train/bisping-00048-part33.wav,content
768,content/train/bisping-00073-part45.wav,content
769,content/train/bisping-00020-part61.wav,content
770,content/train/bisping-00059-part29.wav,content
771,content/train/bisping-00061-part71.wav,content
772,content/train/bisping-00007-part45.wav,content
773,content/train/bisping-00063-part34.wav,content
774,content/train/bisping-00001-part79.wav,content
775,content/train/bisping-00016-part15.wav,content
776,content/train/bisping-00063-part41.wav,content
777,content/train/bisping-00065-part40.wav,content
778,content/train/bisping-00036-part80.wav,content
779,content/train/bisping-00070-part19.wav,content
780,content/train/bisping-00008-part48.wav,content
781,content/train/bisping-00087-part7.wav,content
782,content/train/bisping-00018-part37.wav,content
783,content/train/bisping-00001-part28.wav,content
784,content/train/bisping-00040-part73.wav,content
785,content/train/bisping-00087-part35.wav,content
786,content/train/bisping-00068-part42.wav,content
787,content/train/bisping-00027-part39.wav,content
788,content/train/bisping-00032-part12.wav,content
789,content/train/bisping-00034-part42.wav,content
790,content/train/bisping-00055-part6.wav,content
791,content/train/bisping-00085-part1.wav,content
792,content/train/bisping-00020-part17.wav,content
793,content/train/bisping-00048-part16.wav,content
794,content/train/bisping-00066-part70.wav,content
795,content/train/bisping-00039-part19.wav,content
796,content/train/bisping-00007-part110.wav,content
797,content/train/bisping-00049-part68.wav,content
798,content/train/bisping-00062-part43.wav,content
799,content/train/bisping-00018-part96.wav,content
800,content/train/bisping-00035-part34.wav,content
801,content/train/bisping-00072-part23.wav,content
802,content/train/bisping-00014-part29.wav,content
803,content/train/bisping-00037-part14.wav,content
804,content/train/bisping-00069-part32.wav,content
805,content/train/bisping-00081-part52.wav,content
806,content/train/bisping-00074-part34.wav,content
807,content/train/bisping-00049-part55.wav,content
808,content/train/bisping-00028-part10.wav,content
809,content/train/bisping-00017-part55.wav,content
810,content/train/bisping-00069-part4.wav,content
811,content/train/bisping-00038-part29.wav,content
812,content/train/bisping-00080-part29.wav,content
813,content/train/bisping-00042-part12.wav,content
814,content/train/bisping-00080-part2.wav,content
815,content/train/bisping-00061-part35.wav,content
816,content/train/bisping-00041-part49.wav,content
817,content/train/bisping-00040-part83.wav,content
818,content/train/bisping-00026-part1.wav,content
819,content/train/bisping-00017-part90.wav,content
820,content/train/bisping-00054-part48.wav,content
821,content/train/bisping-00019-part77.wav,content
822,content/train/bisping-00020-part15.wav,content
823,content/train/bisping-00020-part9.wav,content
824,content/train/bisping-00002-part8.wav,content
825,content/train/bisping-00079-part8.wav,content
826,content/train/bisping-00044-part82.wav,content
827,content/train/bisping-00004-part40.wav,content
828,content/train/bisping-00006-part33.wav,content
829,content/train/bisping-00067-part21.wav,content
830,content/train/bisping-00081-part41.wav,content
831,content/train/bisping-00037-part36.wav,content
832,content/train/bisping-00011-part92.wav,content
833,content/train/bisping-00049-part16.wav,content
834,content/train/bisping-00068-part96.wav,content
835,content/train/bisping-00004-part34.wav,content
836,content/train/bisping-00083-part18.wav,content
837,content/train/bisping-00006-part3.wav,content
838,content/train/bisping-00041-part41.wav,content
839,content/train/bisping-00021-part33.wav,content
840,content/train/bisping-00051-part11.wav,content
841,content/train/bisping-00045-part62.wav,content
842,content/train/bisping-00002-part67.wav,content
843,content/train/bisping-00086-part14.wav,content
844,content/train/bisping-00035-part40.wav,content
845,content/train/bisping-00020-part96.wav,content
846,content/train/bisping-00015-part20.wav,content
847,content/train/bisping-00037-part12.wav,content
848,content/train/bisping-00041-part52.wav,content
849,content/train/bisping-00035-part35.wav,content
850,content/train/bisping-00014-part46.wav,content
851,content/train/bisping-00055-part115.wav,content
852,content/train/bisping-00045-part22.wav,content
853,content/train/bisping-00081-part40.wav,content
854,content/train/bisping-00040-part57.wav,content
855,content/train/bisping-00047-part32.wav,content
856,content/train/bisping-00017-part102.wav,content
857,content/train/bisping-00013-part37.wav,content
858,content/train/bisping-00052-part9.wav,content
859,content/train/bisping-00086-part49.wav,content
860,content/train/bisping-00007-part55.wav,content
861,content/train/bisping-00068-part109.wav,content
862,content/train/bisping-00043-part28.wav,content
863,content/train/bisping-00022-part19.wav,content
864,content/train/bisping-00068-part11.wav,content
865,content/train/bisping-00017-part19.wav,content
866,content/train/bisping-00052-part29.wav,content
867,content/train/bisping-00044-part7.wav,content
868,content/train/bisping-00014-part9.wav,content
869,content/train/bisping-00059-part39.wav,content
870,content/train/bisping-00004-part53.wav,content
871,content/train/bisping-00079-part50.wav,content
872,content/train/bisping-00063-part27.wav,content
873,content/train/bisping-00007-part35.wav,content
874,content/train/bisping-00086-part3.wav,content
875,content/train/bisping-00055-part52.wav,content
876,content/train/bisping-00011-part131.wav,content
877,content/train/bisping-00007-part61.wav,content
878,content/train/bisping-00057-part21.wav,content
879,content/train/bisping-00038-part83.wav,content
880,content/train/bisping-00068-part31.wav,content
881,content/train/bisping-00067-part101.wav,content
882,content/train/bisping-00081-part23.wav,content
883,content/train/bisping-00017-part63.wav,content
884,content/train/bisping-00020-part107.wav,content
885,content/train/bisping-00038-part15.wav,content
886,content/train/bisping-00020-part90.wav,content
887,content/train/bisping-00070-part35.wav,content
888,content/train/bisping-00017-part6.wav,content
889,content/train/bisping-00061-part60.wav,content
890,content/train/bisping-00047-part2.wav,content
891,content/train/bisping-00038-part87.wav,content
892,content/train/bisping-00077-part26.wav,content
893,content/train/bisping-00089-part20.wav,content
894,content/train/bisping-00002-part44.wav,content
895,content/train/bisping-00040-part93.wav,content
896,content/train/bisping-00004-part12.wav,content
897,content/train/bisping-00061-part53.wav,content
898,content/train/bisping-00050-part63.wav,content
899,content/train/bisping-00055-part13.wav,content
900,content/train/bisping-00081-part16.wav,content
901,content/train/bisping-00070-part6.wav,content
902,content/train/bisping-00018-part53.wav,content
903,content/train/bisping-00064-part78.wav,content
904,content/train/bisping-00033-part50.wav,content
905,content/train/bisping-00007-part92.wav,content
906,content/train/bisping-00052-part40.wav,content
907,content/train/bisping-00082-part32.wav,content
908,content/train/bisping-00045-part37.wav,content
909,content/train/bisping-00064-part85.wav,content
910,content/train/bisping-00075-part32.wav,content
911,content/train/bisping-00045-part55.wav,content
912,content/train/bisping-00078-part43.wav,content
913,content/train/bisping-00012-part27.wav,content
914,content/train/bisping-00044-part15.wav,content
915,content/train/bisping-00023-part9.wav,content
916,content/train/bisping-00064-part15.wav,content
917,content/train/bisping-00065-part74.wav,content
918,content/train/bisping-00064-part80.wav,content
919,content/train/bisping-00008-part44.wav,content
920,content/train/bisping-00002-part12.wav,content
921,content/train/bisping-00038-part74.wav,content
922,content/train/bisping-00020-part62.wav,content
923,content/train/bisping-00080-part21.wav,content
924,content/train/bisping-00028-part4.wav,content
925,content/train/bisping-00064-part93.wav,content
926,content/train/bisping-00015-part3.wav,content
927,content/train/bisping-00030-part8.wav,content
928,content/train/bisping-00008-part11.wav,content
929,content/train/bisping-00048-part36.wav,content
930,content/train/bisping-00082-part24.wav,content
931,content/train/bisping-00008-part65.wav,content
932,content/train/bisping-00014-part22.wav,content
933,content/train/bisping-00037-part22.wav,content
934,content/train/bisping-00002-part59.wav,content
935,content/train/bisping-00011-part103.wav,content
936,content/train/bisping-00008-part31.wav,content
937,content/train/bisping-00055-part14.wav,content
938,content/train/bisping-00067-part133.wav,content
939,content/train/bisping-00059-part10.wav,content
940,content/train/bisping-00002-part22.wav,content
941,content/train/bisping-00072-part58.wav,content
942,content/train/bisping-00050-part44.wav,content
943,content/train/bisping-00067-part125.wav,content
944,content/train/bisping-00038-part51.wav,content
945,content/train/bisping-00047-part63.wav,content
946,content/train/bisping-00055-part88.wav,content
947,content/train/bisping-00042-part5.wav,content
948,content/train/bisping-00058-part6.wav,content
949,content/train/bisping-00040-part44.wav,content
950,content/train/bisping-00008-part56.wav,content
951,content/train/bisping-00017-part122.wav,content
952,content/train/bisping-00067-part139.wav,content
953,content/train/bisping-00020-part10.wav,content
954,content/train/bisping-00016-part11.wav,content
955,content/train/bisping-00034-part17.wav,content
956,content/train/bisping-00046-part19.wav,content
957,content/train/bisping-00035-part4.wav,content
958,content/train/bisping-00079-part37.wav,content
959,content/train/bisping-00021-part3.wav,content
960,content/train/bisping-00022-part11.wav,content
961,content/train/bisping-00009-part44.wav,content
962,content/train/bisping-00041-part42.wav,content
963,content/train/bisping-00013-part36.wav,content
964,content/train/bisping-00020-part18.wav,content
965,content/train/bisping-00041-part47.wav,content
966,content/train/bisping-00011-part40.wav,content
967,content/train/bisping-00045-part51.wav,content
968,content/train/bisping-00039-part13.wav,content
969,content/train/bisping-00059-part3.wav,content
970,content/train/bisping-00019-part78.wav,content
971,content/train/bisping-00055-part65.wav,content
972,content/train/bisping-00024-part12.wav,content
973,content/train/bisping-00041-part45.wav,content
974,content/train/bisping-00001-part77.wav,content
975,content/train/bisping-00027-part27.wav,content
976,content/train/bisping-00073-part46.wav,content
977,content/train/bisping-00089-part3.wav,content
978,content/train/bisping-00068-part35.wav,content
979,content/train/bisping-00034-part30.wav,content
980,content/train/bisping-00043-part42.wav,content
981,content/train/bisping-00087-part48.wav,content
982,content/train/bisping-00020-part51.wav,content
983,content/train/bisping-00057-part60.wav,content
984,content/train/bisping-00064-part58.wav,content
985,content/train/bisping-00078-part46.wav,content
986,content/train/bisping-00061-part68.wav,content
987,content/train/bisping-00064-part30.wav,content
988,content/train/bisping-00050-part16.wav,content
989,content/train/bisping-00064-part91.wav,content
990,content/train/bisping-00087-part23.wav,content
991,content/train/bisping-00078-part40.wav,content
992,content/train/bisping-00025-part4.wav,content
993,content/train/bisping-00029-part10.wav,content
994,content/train/bisping-00090-part41.wav,content
995,content/train/bisping-00003-part48.wav,content
996,content/train/bisping-00079-part12.wav,content
997,content/train/bisping-00032-part15.wav,content
998,content/train/bisping-00067-part95.wav,content
999,content/train/bisping-00067-part44.wav,content
1000,ad/train/ad-2129-part1.wav,ad
1001,ad/train/ad-1198-part3.wav,ad
1002,ad/train/ad-249-part1.wav,ad
1003,ad/train/ad-601-part1.wav,ad
1004,ad/train/ad-272-part1.wav,ad
1005,ad/train/ad-1885-part1.wav,ad
1006,ad/train/ad-548-part2.wav,ad
1007,ad/train/ad-305-part3.wav,ad
1008,ad/train/ad-1655-part1.wav,ad
1009,ad/train/ad-2320-part3.wav,ad
1010,ad/train/ad-747-part1.wav,ad
1011,ad/train/ad-236-part3.wav,ad
1012,ad/train/ad-1076-part4.wav,ad
1013,ad/train/ad-640-part3.wav,ad
1014,ad/train/ad-1776-part2.wav,ad
1015,ad/train/ad-1447-part1.wav,ad
1016,ad/train/ad-906-part1.wav,ad
1017,ad/train/ad-271-part1.wav,ad
1018,ad/train/ad-627-part3.wav,ad
1019,ad/train/ad-629-part4.wav,ad
1020,ad/train/ad-121-part2.wav,ad
1021,ad/train/ad-1203-part3.wav,ad
1022,ad/train/ad-416-part1.wav,ad
1023,ad/train/ad-2142-part2.wav,ad
1024,ad/train/ad-1252-part1.wav,ad
1025,ad/train/ad-2345-part1.wav,ad
1026,ad/train/ad-610-part2.wav,ad
1027,ad/train/ad-1022-part3.wav,ad
1028,ad/train/ad-772-part1.wav,ad
1029,ad/train/ad-645-part4.wav,ad
1030,ad/train/ad-1823-part1.wav,ad
1031,ad/train/ad-2054-part1.wav,ad
1032,ad/train/ad-236-part1.wav,ad
1033,ad/train/ad-956-part2.wav,ad
1034,ad/train/ad-1363-part4.wav,ad
1035,ad/train/ad-1297-part3.wav,ad
1036,ad/train/ad-1080-part3.wav,ad
1037,ad/train/ad-11-part1.wav,ad
1038,ad/train/ad-1590-part3.wav,ad
1039,ad/train/ad-609-part3.wav,ad
1040,ad/train/ad-496-part1.wav,ad
1041,ad/train/ad-340-part1.wav,ad
1042,ad/train/ad-1-part3.wav,ad
1043,ad/train/ad-903-part1.wav,ad
1044,ad/train/ad-854-part2.wav,ad
1045,ad/train/ad-1259-part2.wav,ad
1046,ad/train/ad-258-part2.wav,ad
1047,ad/train/ad-2322-part1.wav,ad
1048,ad/train/ad-1949-part1.wav,ad
1049,ad/train/ad-1581-part1.wav,ad
1050,ad/train/ad-296-part3.wav,ad
1051,ad/train/ad-640-part1.wav,ad
1052,ad/train/ad-164-part1.wav,ad
1053,ad/train/ad-1195-part1.wav,ad
1054,ad/train/ad-42-part1.wav,ad
1055,ad/train/ad-1036-part3.wav,ad
1056,ad/train/ad-2109-part2.wav,ad
1057,ad/train/ad-257-part3.wav,ad
1058,ad/train/ad-1297-part2.wav,ad
1059,ad/train/ad-1582-part3.wav,ad
1060,ad/train/ad-1035-part1.wav,ad
1061,ad/train/ad-1218-part2.wav,ad
1062,ad/train/ad-39-part3.wav,ad
1063,ad/train/ad-991-part3.wav,ad
1064,ad/train/ad-1064-part3.wav,ad
1065,ad/train/ad-247-part4.wav,ad
1066,ad/train/ad-351-part2.wav,ad
1067,ad/train/ad-1357-part3.wav,ad
1068,ad/train/ad-445-part1.wav,ad
1069,ad/train/ad-249-part2.wav,ad
1070,ad/train/ad-574-part2.wav,ad
1071,ad/train/ad-1425-part2.wav,ad
1072,ad/train/ad-2288-part1.wav,ad
1073,ad/train/ad-206-part2.wav,ad
1074,ad/train/ad-128-part1.wav,ad
1075,ad/train/ad-2252-part1.wav,ad
1076,ad/train/ad-840-part1.wav,ad
1077,ad/train/ad-1364-part2.wav,ad
1078,ad/train/ad-2338-part3.wav,ad
1079,ad/train/ad-479-part3.wav,ad
1080,ad/train/ad-720-part3.wav,ad
1081,ad/train/ad-2342-part2.wav,ad
1082,ad/train/ad-2028-part3.wav,ad
1083,ad/train/ad-618-part3.wav,ad
1084,ad/train/ad-2131-part4.wav,ad
1085,ad/train/ad-1368-part1.wav,ad
1086,ad/train/ad-108-part4.wav,ad
1087,ad/train/ad-735-part1.wav,ad
1088,ad/train/ad-864-part3.wav,ad
1089,ad/train/ad-901-part1.wav,ad
1090,ad/train/ad-340-part3.wav,ad
1091,ad/train/ad-805-part1.wav,ad
1092,ad/train/ad-633-part1.wav,ad
1093,ad/train/ad-349-part1.wav,ad
1094,ad/train/ad-1444-part1.wav,ad
1095,ad/train/ad-1438-part1.wav,ad
1096,ad/train/ad-1894-part3.wav,ad
1097,ad/train/ad-1498-part1.wav,ad
1098,ad/train/ad-777-part3.wav,ad
1099,ad/train/ad-2150-part1.wav,ad
1100,ad/train/ad-1952-part3.wav,ad
1101,ad/train/ad-1438-part3.wav,ad
1102,ad/train/ad-542-part1.wav,ad
1103,ad/train/ad-2120-part1.wav,ad
1104,ad/train/ad-2192-part1.wav,ad
1105,ad/train/ad-704-part3.wav,ad
1106,ad/train/ad-168-part2.wav,ad
1107,ad/train/ad-263-part2.wav,ad
1108,ad/train/ad-2068-part2.wav,ad
1109,ad/train/ad-2082-part1.wav,ad
1110,ad/train/ad-607-part1.wav,ad
1111,ad/train/ad-1562-part2.wav,ad
1112,ad/train/ad-1389-part1.wav,ad
1113,ad/train/ad-2143-part2.wav,ad
1114,ad/train/ad-1941-part2.wav,ad
1115,ad/train/ad-1362-part2.wav,ad
1116,ad/train/ad-1799-part1.wav,ad
1117,ad/train/ad-1767-part2.wav,ad
1118,ad/train/ad-1107-part4.wav,ad
1119,ad/train/ad-1507-part2.wav,ad
1120,ad/train/ad-2066-part3.wav,ad
1121,ad/train/ad-1942-part2.wav,ad
1122,ad/train/ad-1154-part1.wav,ad
1123,ad/train/ad-1486-part3.wav,ad
1124,ad/train/ad-199-part2.wav,ad
1125,ad/train/ad-2252-part2.wav,ad
1126,ad/train/ad-2282-part2.wav,ad
1127,ad/train/ad-2023-part2.wav,ad
1128,ad/train/ad-378-part3.wav,ad
1129,ad/train/ad-1265-part2.wav,ad
1130,ad/train/ad-2214-part3.wav,ad
1131,ad/train/ad-1699-part1.wav,ad
1132,ad/train/ad-1012-part4.wav,ad
1133,ad/train/ad-478-part4.wav,ad
1134,ad/train/ad-2079-part1.wav,ad
1135,ad/train/ad-1796-part1.wav,ad
1136,ad/train/ad-682-part2.wav,ad
1137,ad/train/ad-2269-part3.wav,ad
1138,ad/train/ad-731-part3.wav,ad
1139,ad/train/ad-252-part2.wav,ad
1140,ad/train/ad-2127-part1.wav,ad
1141,ad/train/ad-1219-part2.wav,ad
1142,ad/train/ad-261-part4.wav,ad
1143,ad/train/ad-1629-part3.wav,ad
1144,ad/train/ad-1983-part2.wav,ad
1145,ad/train/ad-864-part2.wav,ad
1146,ad/train/ad-1673-part2.wav,ad
1147,ad/train/ad-990-part2.wav,ad
1148,ad/train/ad-484-part1.wav,ad
1149,ad/train/ad-2153-part2.wav,ad
1150,ad/train/ad-964-part3.wav,ad
1151,ad/train/ad-264-part4.wav,ad
1152,ad/train/ad-961-part2.wav,ad
1153,ad/train/ad-1919-part2.wav,ad
1154,ad/train/ad-450-part2.wav,ad
1155,ad/train/ad-339-part3.wav,ad
1156,ad/train/ad-869-part1.wav,ad
1157,ad/train/ad-1947-part1.wav,ad
1158,ad/train/ad-1158-part1.wav,ad
1159,ad/train/ad-1783-part3.wav,ad
1160,ad/train/ad-643-part1.wav,ad
1161,ad/train/ad-968-part1.wav,ad
1162,ad/train/ad-1412-part3.wav,ad
1163,ad/train/ad-444-part1.wav,ad
1164,ad/train/ad-1463-part3.wav,ad
1165,ad/train/ad-768-part3.wav,ad
1166,ad/train/ad-2174-part2.wav,ad
1167,ad/train/ad-1485-part2.wav,ad
1168,ad/train/ad-20-part1.wav,ad
1169,ad/train/ad-2219-part3.wav,ad
1170,ad/train/ad-142-part3.wav,ad
1171,ad/train/ad-2087-part2.wav,ad
1172,ad/train/ad-2288-part3.wav,ad
1173,ad/train/ad-829-part4.wav,ad
1174,ad/train/ad-459-part1.wav,ad
1175,ad/train/ad-660-part3.wav,ad
1176,ad/train/ad-942-part2.wav,ad
1177,ad/train/ad-416-part4.wav,ad
1178,ad/train/ad-75-part1.wav,ad
1179,ad/train/ad-1062-part1.wav,ad
1180,ad/train/ad-1333-part3.wav,ad
1181,ad/train/ad-928-part1.wav,ad
1182,ad/train/ad-1837-part2.wav,ad
1183,ad/train/ad-1303-part2.wav,ad
1184,ad/train/ad-532-part2.wav,ad
1185,ad/train/ad-553-part2.wav,ad
1186,ad/train/ad-470-part2.wav,ad
1187,ad/train/ad-645-part3.wav,ad
1188,ad/train/ad-992-part2.wav,ad
1189,ad/train/ad-222-part3.wav,ad
1190,ad/train/ad-462-part1.wav,ad
1191,ad/train/ad-707-part3.wav,ad
1192,ad/train/ad-968-part3.wav,ad
1193,ad/train/ad-807-part3.wav,ad
1194,ad/train/ad-2106-part2.wav,ad
1195,ad/train/ad-1360-part1.wav,ad
1196,ad/train/ad-2108-part1.wav,ad
1197,ad/train/ad-330-part3.wav,ad
1198,ad/train/ad-1116-part2.wav,ad
1199,ad/train/ad-2201-part1.wav,ad
1200,ad/train/ad-572-part3.wav,ad
1201,ad/train/ad-1767-part1.wav,ad
1202,ad/train/ad-1640-part3.wav,ad
1203,ad/train/ad-278-part2.wav,ad
1204,ad/train/ad-1890-part3.wav,ad
1205,ad/train/ad-1990-part2.wav,ad
1206,ad/train/ad-1301-part3.wav,ad
1207,ad/train/ad-1807-part3.wav,ad
1208,ad/train/ad-268-part3.wav,ad
1209,ad/train/ad-1470-part1.wav,ad
1210,ad/train/ad-1375-part1.wav,ad
1211,ad/train/ad-2336-part4.wav,ad
1212,ad/train/ad-856-part3.wav,ad
1213,ad/train/ad-417-part1.wav,ad
1214,ad/train/ad-838-part2.wav,ad
1215,ad/train/ad-760-part1.wav,ad
1216,ad/train/ad-1093-part3.wav,ad
1217,ad/train/ad-248-part2.wav,ad
1218,ad/train/ad-980-part2.wav,ad
1219,ad/train/ad-2224-part2.wav,ad
1220,ad/train/ad-502-part2.wav,ad
1221,ad/train/ad-1694-part2.wav,ad
1222,ad/train/ad-2069-part1.wav,ad
1223,ad/train/ad-171-part2.wav,ad
1224,ad/train/ad-1429-part1.wav,ad
1225,ad/train/ad-1379-part1.wav,ad
1226,ad/train/ad-865-part2.wav,ad
1227,ad/train/ad-8-part2.wav,ad
1228,ad/train/ad-853-part3.wav,ad
1229,ad/train/ad-1965-part1.wav,ad
1230,ad/train/ad-1254-part3.wav,ad
1231,ad/train/ad-652-part2.wav,ad
1232,ad/train/ad-1422-part2.wav,ad
1233,ad/train/ad-502-part1.wav,ad
1234,ad/train/ad-1090-part3.wav,ad
1235,ad/train/ad-53-part1.wav,ad
1236,ad/train/ad-1094-part2.wav,ad
1237,ad/train/ad-677-part3.wav,ad
1238,ad/train/ad-325-part4.wav,ad
1239,ad/train/ad-2171-part3.wav,ad
1240,ad/train/ad-501-part1.wav,ad
1241,ad/train/ad-1718-part3.wav,ad
1242,ad/train/ad-985-part4.wav,ad
1243,ad/train/ad-891-part1.wav,ad
1244,ad/train/ad-567-part2.wav,ad
1245,ad/train/ad-1191-part2.wav,ad
1246,ad/train/ad-1520-part2.wav,ad
1247,ad/train/ad-1434-part1.wav,ad
1248,ad/train/ad-126-part1.wav,ad
1249,ad/train/ad-1411-part2.wav,ad
1250,ad/train/ad-1083-part2.wav,ad
1251,ad/train/ad-2098-part1.wav,ad
1252,ad/train/ad-1334-part1.wav,ad
1253,ad/train/ad-1693-part2.wav,ad
1254,ad/train/ad-2256-part1.wav,ad
1255,ad/train/ad-1784-part3.wav,ad
1256,ad/train/ad-1239-part3.wav,ad
1257,ad/train/ad-269-part3.wav,ad
1258,ad/train/ad-478-part2.wav,ad
1259,ad/train/ad-1212-part1.wav,ad
1260,ad/train/ad-1909-part2.wav,ad
1261,ad/train/ad-1181-part2.wav,ad
1262,ad/train/ad-2173-part2.wav,ad
1263,ad/train/ad-2125-part2.wav,ad
1264,ad/train/ad-926-part1.wav,ad
1265,ad/train/ad-1188-part2.wav,ad
1266,ad/train/ad-173-part3.wav,ad
1267,ad/train/ad-817-part1.wav,ad
1268,ad/train/ad-347-part3.wav,ad
1269,ad/train/ad-1537-part1.wav,ad
1270,ad/train/ad-835-part1.wav,ad
1271,ad/train/ad-254-part1.wav,ad
1272,ad/train/ad-757-part1.wav,ad
1273,ad/train/ad-713-part4.wav,ad
1274,ad/train/ad-1928-part1.wav,ad
1275,ad/train/ad-859-part3.wav,ad
1276,ad/train/ad-92-part2.wav,ad
1277,ad/train/ad-1000-part3.wav,ad
1278,ad/train/ad-1938-part2.wav,ad
1279,ad/train/ad-1991-part3.wav,ad
1280,ad/train/ad-1370-part2.wav,ad
1281,ad/train/ad-977-part2.wav,ad
1282,ad/train/ad-593-part1.wav,ad
1283,ad/train/ad-461-part1.wav,ad
1284,ad/train/ad-1631-part2.wav,ad
1285,ad/train/ad-1466-part3.wav,ad
1286,ad/train/ad-606-part1.wav,ad
1287,ad/train/ad-66-part2.wav,ad
1288,ad/train/ad-994-part2.wav,ad
1289,ad/train/ad-845-part1.wav,ad
1290,ad/train/ad-1623-part1.wav,ad
1291,ad/train/ad-705-part1.wav,ad
1292,ad/train/ad-406-part1.wav,ad
1293,ad/train/ad-1061-part2.wav,ad
1294,ad/train/ad-134-part1.wav,ad
1295,ad/train/ad-474-part3.wav,ad
1296,ad/train/ad-1790-part2.wav,ad
1297,ad/train/ad-501-part2.wav,ad
1298,ad/train/ad-1901-part1.wav,ad
1299,ad/train/ad-1876-part1.wav,ad
1300,ad/train/ad-353-part1.wav,ad
1301,ad/train/ad-559-part2.wav,ad
1302,ad/train/ad-1698-part1.wav,ad
1303,ad/train/ad-2018-part1.wav,ad
1304,ad/train/ad-416-part2.wav,ad
1305,ad/train/ad-1165-part1.wav,ad
1306,ad/train/ad-1070-part1.wav,ad
1307,ad/train/ad-1617-part1.wav,ad
1308,ad/train/ad-300-part4.wav,ad
1309,ad/train/ad-1862-part1.wav,ad
1310,ad/train/ad-2068-part3.wav,ad
1311,ad/train/ad-1266-part4.wav,ad
1312,ad/train/ad-1618-part3.wav,ad
1313,ad/train/ad-971-part4.wav,ad
1314,ad/train/ad-1320-part2.wav,ad
1315,ad/train/ad-2132-part2.wav,ad
1316,ad/train/ad-1463-part2.wav,ad
1317,ad/train/ad-1129-part3.wav,ad
1318,ad/train/ad-1456-part2.wav,ad
1319,ad/train/ad-238-part2.wav,ad
1320,ad/train/ad-106-part2.wav,ad
1321,ad/train/ad-1968-part2.wav,ad
1322,ad/train/ad-1123-part2.wav,ad
1323,ad/train/ad-1278-part1.wav,ad
1324,ad/train/ad-1713-part3.wav,ad
1325,ad/train/ad-1821-part2.wav,ad
1326,ad/train/ad-2176-part4.wav,ad
1327,ad/train/ad-153-part2.wav,ad
1328,ad/train/ad-780-part1.wav,ad
1329,ad/train/ad-307-part2.wav,ad
1330,ad/train/ad-524-part2.wav,ad
1331,ad/train/ad-902-part2.wav,ad
1332,ad/train/ad-776-part1.wav,ad
1333,ad/train/ad-1959-part1.wav,ad
1334,ad/train/ad-66-part1.wav,ad
1335,ad/train/ad-269-part2.wav,ad
1336,ad/train/ad-158-part2.wav,ad
1337,ad/train/ad-2091-part1.wav,ad
1338,ad/train/ad-2316-part1.wav,ad
1339,ad/train/ad-40-part2.wav,ad
1340,ad/train/ad-1669-part1.wav,ad
1341,ad/train/ad-52-part2.wav,ad
1342,ad/train/ad-628-part2.wav,ad
1343,ad/train/ad-1703-part3.wav,ad
1344,ad/train/ad-63-part2.wav,ad
1345,ad/train/ad-1487-part3.wav,ad
1346,ad/train/ad-1440-part3.wav,ad
1347,ad/train/ad-1505-part2.wav,ad
1348,ad/train/ad-1921-part3.wav,ad
1349,ad/train/ad-193-part1.wav,ad
1350,ad/train/ad-1643-part1.wav,ad
1351,ad/train/ad-715-part1.wav,ad
1352,ad/train/ad-2331-part1.wav,ad
1353,ad/train/ad-1252-part2.wav,ad
1354,ad/train/ad-2225-part1.wav,ad
1355,ad/train/ad-1804-part3.wav,ad
1356,ad/train/ad-2002-part4.wav,ad
1357,ad/train/ad-2056-part1.wav,ad
1358,ad/train/ad-2012-part2.wav,ad
1359,ad/train/ad-1418-part4.wav,ad
1360,ad/train/ad-1774-part1.wav,ad
1361,ad/train/ad-2159-part1.wav,ad
1362,ad/train/ad-1440-part2.wav,ad
1363,ad/train/ad-1942-part1.wav,ad
1364,ad/train/ad-788-part3.wav,ad
1365,ad/train/ad-333-part2.wav,ad
1366,ad/train/ad-2162-part3.wav,ad
1367,ad/train/ad-897-part1.wav,ad
1368,ad/train/ad-73-part2.wav,ad
1369,ad/train/ad-2290-part2.wav,ad
1370,ad/train/ad-791-part2.wav,ad
1371,ad/train/ad-426-part2.wav,ad
1372,ad/train/ad-204-part3.wav,ad
1373,ad/train/ad-2130-part3.wav,ad
1374,ad/train/ad-2229-part3.wav,ad
1375,ad/train/ad-963-part1.wav,ad
1376,ad/train/ad-474-part2.wav,ad
1377,ad/train/ad-69-part2.wav,ad
1378,ad/train/ad-2250-part3.wav,ad
1379,ad/train/ad-840-part2.wav,ad
1380,ad/train/ad-661-part2.wav,ad
1381,ad/train/ad-1254-part2.wav,ad
1382,ad/train/ad-422-part1.wav,ad
1383,ad/train/ad-1512-part2.wav,ad
1384,ad/train/ad-2304-part1.wav,ad
1385,ad/train/ad-1314-part1.wav,ad
1386,ad/train/ad-1751-part2.wav,ad
1387,ad/train/ad-1792-part2.wav,ad
1388,ad/train/ad-712-part1.wav,ad
1389,ad/train/ad-1183-part3.wav,ad
1390,ad/train/ad-739-part3.wav,ad
1391,ad/train/ad-1242-part2.wav,ad
1392,ad/train/ad-1078-part2.wav,ad
1393,ad/train/ad-2326-part1.wav,ad
1394,ad/train/ad-1838-part2.wav,ad
1395,ad/train/ad-2328-part1.wav,ad
1396,ad/train/ad-387-part1.wav,ad
1397,ad/train/ad-1315-part3.wav,ad
1398,ad/train/ad-402-part3.wav,ad
1399,ad/train/ad-1881-part3.wav,ad
1400,ad/train/ad-296-part1.wav,ad
1401,ad/train/ad-654-part2.wav,ad
1402,ad/train/ad-1216-part2.wav,ad
1403,ad/train/ad-2291-part2.wav,ad
1404,ad/train/ad-688-part2.wav,ad
1405,ad/train/ad-328-part2.wav,ad
1406,ad/train/ad-410-part2.wav,ad
1407,ad/train/ad-2338-part2.wav,ad
1408,ad/train/ad-2217-part3.wav,ad
1409,ad/train/ad-1237-part2.wav,ad
1410,ad/train/ad-736-part2.wav,ad
1411,ad/train/ad-1595-part1.wav,ad
1412,ad/train/ad-1422-part1.wav,ad
1413,ad/train/ad-336-part3.wav,ad
1414,ad/train/ad-569-part1.wav,ad
1415,ad/train/ad-1800-part2.wav,ad
1416,ad/train/ad-1519-part2.wav,ad
1417,ad/train/ad-1595-part3.wav,ad
1418,ad/train/ad-423-part1.wav,ad
1419,ad/train/ad-336-part2.wav,ad
1420,ad/train/ad-2273-part2.wav,ad
1421,ad/train/ad-241-part2.wav,ad
1422,ad/train/ad-675-part1.wav,ad
1423,ad/train/ad-1027-part2.wav,ad
1424,ad/train/ad-2334-part1.wav,ad
1425,ad/train/ad-1458-part1.wav,ad
1426,ad/train/ad-687-part2.wav,ad
1427,ad/train/ad-1882-part1.wav,ad
1428,ad/train/ad-231-part2.wav,ad
1429,ad/train/ad-2227-part3.wav,ad
1430,ad/train/ad-620-part1.wav,ad
1431,ad/train/ad-1141-part2.wav,ad
1432,ad/train/ad-1925-part6.wav,ad
1433,ad/train/ad-208-part2.wav,ad
1434,ad/train/ad-668-part1.wav,ad
1435,ad/train/ad-1556-part1.wav,ad
1436,ad/train/ad-430-part2.wav,ad
1437,ad/train/ad-1688-part5.wav,ad
1438,ad/train/ad-2166-part3.wav,ad
1439,ad/train/ad-2116-part2.wav,ad
1440,ad/train/ad-974-part1.wav,ad
1441,ad/train/ad-2074-part3.wav,ad
1442,ad/train/ad-754-part3.wav,ad
1443,ad/train/ad-1490-part2.wav,ad
1444,ad/train/ad-27-part3.wav,ad
1445,ad/train/ad-1525-part1.wav,ad
1446,ad/train/ad-1695-part3.wav,ad
1447,ad/train/ad-38-part1.wav,ad
1448,ad/train/ad-802-part2.wav,ad
1449,ad/train/ad-12-part1.wav,ad
1450,ad/train/ad-531-part3.wav,ad
1451,ad/train/ad-1153-part1.wav,ad
1452,ad/train/ad-326-part2.wav,ad
1453,ad/train/ad-684-part3.wav,ad
1454,ad/train/ad-1447-part2.wav,ad
1455,ad/train/ad-569-part2.wav,ad
1456,ad/train/ad-1019-part1.wav,ad
1457,ad/train/ad-2097-part3.wav,ad
1458,ad/train/ad-836-part3.wav,ad
1459,ad/train/ad-908-part2.wav,ad
1460,ad/train/ad-95-part3.wav,ad
1461,ad/train/ad-2112-part1.wav,ad
1462,ad/train/ad-685-part2.wav,ad
1463,ad/train/ad-760-part2.wav,ad
1464,ad/train/ad-1518-part4.wav,ad
1465,ad/train/ad-695-part2.wav,ad
1466,ad/train/ad-2014-part1.wav,ad
1467,ad/train/ad-1100-part3.wav,ad
1468,ad/train/ad-431-part2.wav,ad
1469,ad/train/ad-465-part2.wav,ad
1470,ad/train/ad-2006-part1.wav,ad
1471,ad/train/ad-2254-part1.wav,ad
1472,ad/train/ad-1045-part3.wav,ad
1473,ad/train/ad-63-part1.wav,ad
1474,ad/train/ad-136-part2.wav,ad
1475,ad/train/ad-164-part3.wav,ad
1476,ad/train/ad-670-part1.wav,ad
1477,ad/train/ad-101-part2.wav,ad
1478,ad/train/ad-798-part1.wav,ad
1479,ad/train/ad-198-part1.wav,ad
1480,ad/train/ad-1924-part1.wav,ad
1481,ad/train/ad-369-part2.wav,ad
1482,ad/train/ad-511-part2.wav,ad
1483,ad/train/ad-2355-part2.wav,ad
1484,ad/train/ad-1736-part2.wav,ad
1485,ad/train/ad-966-part3.wav,ad
1486,ad/train/ad-833-part3.wav,ad
1487,ad/train/ad-2074-part1.wav,ad
1488,ad/train/ad-1074-part2.wav,ad
1489,ad/train/ad-963-part4.wav,ad
1490,ad/train/ad-2065-part1.wav,ad
1491,ad/train/ad-1843-part1.wav,ad
1492,ad/train/ad-1370-part3.wav,ad
1493,ad/train/ad-1742-part2.wav,ad
1494,ad/train/ad-274-part1.wav,ad
1495,ad/train/ad-1227-part2.wav,ad
1496,ad/train/ad-748-part4.wav,ad
1497,ad/train/ad-1187-part3.wav,ad
1498,ad/train/ad-2047-part2.wav,ad
1499,ad/train/ad-731-part4.wav,ad
1500,ad/train/ad-1624-part1.wav,ad
1501,ad/train/ad-32-part3.wav,ad
1502,ad/train/ad-977-part3.wav,ad
1503,ad/train/ad-1429-part2.wav,ad
1504,ad/train/ad-2227-part2.wav,ad
1505,ad/train/ad-12-part2.wav,ad
1506,ad/train/ad-802-part1.wav,ad
1507,ad/train/ad-2320-part1.wav,ad
1508,ad/train/ad-936-part6.wav,ad
1509,ad/train/ad-262-part1.wav,ad
1510,ad/train/ad-851-part3.wav,ad
1511,ad/train/ad-1662-part3.wav,ad
1512,ad/train/ad-1392-part4.wav,ad
1513,ad/train/ad-221-part3.wav,ad
1514,ad/train/ad-2000-part1.wav,ad
1515,ad/train/ad-761-part1.wav,ad
1516,ad/train/ad-1688-part3.wav,ad
1517,ad/train/ad-1913-part3.wav,ad
1518,ad/train/ad-1980-part3.wav,ad
1519,ad/train/ad-96-part1.wav,ad
1520,ad/train/ad-2201-part2.wav,ad
1521,ad/train/ad-2156-part2.wav,ad
1522,ad/train/ad-539-part1.wav,ad
1523,ad/train/ad-123-part2.wav,ad
1524,ad/train/ad-755-part1.wav,ad
1525,ad/train/ad-474-part4.wav,ad
1526,ad/train/ad-2279-part2.wav,ad
1527,ad/train/ad-1931-part1.wav,ad
1528,ad/train/ad-2190-part2.wav,ad
1529,ad/train/ad-1373-part4.wav,ad
1530,ad/train/ad-1120-part3.wav,ad
1531,ad/train/ad-1421-part2.wav,ad
1532,ad/train/ad-334-part1.wav,ad
1533,ad/train/ad-1538-part2.wav,ad
1534,ad/train/ad-1460-part3.wav,ad
1535,ad/train/ad-1806-part2.wav,ad
1536,ad/train/ad-19-part3.wav,ad
1537,ad/train/ad-1820-part3.wav,ad
1538,ad/train/ad-2096-part1.wav,ad
1539,ad/train/ad-502-part3.wav,ad
1540,ad/train/ad-868-part1.wav,ad
1541,ad/train/ad-638-part2.wav,ad
1542,ad/train/ad-1295-part2.wav,ad
1543,ad/train/ad-626-part1.wav,ad
1544,ad/train/ad-379-part2.wav,ad
1545,ad/train/ad-831-part3.wav,ad
1546,ad/train/ad-1728-part3.wav,ad
1547,ad/train/ad-1271-part1.wav,ad
1548,ad/train/ad-890-part4.wav,ad
1549,ad/train/ad-154-part3.wav,ad
1550,ad/train/ad-1263-part2.wav,ad
1551,ad/train/ad-1087-part2.wav,ad
1552,ad/train/ad-636-part3.wav,ad
1553,ad/train/ad-2183-part2.wav,ad
1554,ad/train/ad-1895-part2.wav,ad
1555,ad/train/ad-1210-part1.wav,ad
1556,ad/train/ad-2267-part1.wav,ad
1557,ad/train/ad-2056-part2.wav,ad
1558,ad/train/ad-2339-part4.wav,ad
1559,ad/train/ad-651-part4.wav,ad
1560,ad/train/ad-399-part4.wav,ad
1561,ad/train/ad-1907-part1.wav,ad
1562,ad/train/ad-246-part3.wav,ad
1563,ad/train/ad-1586-part1.wav,ad
1564,ad/train/ad-249-part3.wav,ad
1565,ad/train/ad-2325-part1.wav,ad
1566,ad/train/ad-2192-part2.wav,ad
1567,ad/train/ad-1147-part3.wav,ad
1568,ad/train/ad-1033-part2.wav,ad
1569,ad/train/ad-1851-part2.wav,ad
1570,ad/train/ad-1659-part3.wav,ad
1571,ad/train/ad-592-part1.wav,ad
1572,ad/train/ad-602-part1.wav,ad
1573,ad/train/ad-336-part5.wav,ad
1574,ad/train/ad-1230-part1.wav,ad
1575,ad/train/ad-127-part1.wav,ad
1576,ad/train/ad-457-part2.wav,ad
1577,ad/train/ad-162-part3.wav,ad
1578,ad/train/ad-2023-part1.wav,ad
1579,ad/train/ad-49-part1.wav,ad
1580,ad/train/ad-1424-part1.wav,ad
1581,ad/train/ad-2088-part3.wav,ad
1582,ad/train/ad-2301-part1.wav,ad
1583,ad/train/ad-1704-part2.wav,ad
1584,ad/train/ad-338-part1.wav,ad
1585,ad/train/ad-1414-part3.wav,ad
1586,ad/train/ad-839-part3.wav,ad
1587,ad/train/ad-1-part1.wav,ad
1588,ad/train/ad-761-part2.wav,ad
1589,ad/train/ad-1717-part3.wav,ad
1590,ad/train/ad-1749-part1.wav,ad
1591,ad/train/ad-58-part1.wav,ad
1592,ad/train/ad-1829-part3.wav,ad
1593,ad/train/ad-1906-part1.wav,ad
1594,ad/train/ad-1833-part1.wav,ad
1595,ad/train/ad-2178-part2.wav,ad
1596,ad/train/ad-2029-part3.wav,ad
1597,ad/train/ad-2182-part2.wav,ad
1598,ad/train/ad-1445-part3.wav,ad
1599,ad/train/ad-1179-part2.wav,ad
1600,ad/train/ad-522-part3.wav,ad
1601,ad/train/ad-1690-part4.wav,ad
1602,ad/train/ad-41-part1.wav,ad
1603,ad/train/ad-466-part1.wav,ad
1604,ad/train/ad-584-part1.wav,ad
1605,ad/train/ad-350-part6.wav,ad
1606,ad/train/ad-2223-part1.wav,ad
1607,ad/train/ad-206-part1.wav,ad
1608,ad/train/ad-1045-part2.wav,ad
1609,ad/train/ad-1849-part3.wav,ad
1610,ad/train/ad-80-part1.wav,ad
1611,ad/train/ad-1810-part3.wav,ad
1612,ad/train/ad-1945-part3.wav,ad
1613,ad/train/ad-1787-part2.wav,ad
1614,ad/train/ad-1984-part3.wav,ad
1615,ad/train/ad-1394-part4.wav,ad
1616,ad/train/ad-286-part2.wav,ad
1617,ad/train/ad-458-part3.wav,ad
1618,ad/train/ad-1173-part2.wav,ad
1619,ad/train/ad-1500-part1.wav,ad
1620,ad/train/ad-2247-part1.wav,ad
1621,ad/train/ad-1997-part1.wav,ad
1622,ad/train/ad-361-part4.wav,ad
1623,ad/train/ad-1373-part3.wav,ad
1624,ad/train/ad-1709-part3.wav,ad
1625,ad/train/ad-1786-part3.wav,ad
1626,ad/train/ad-241-part1.wav,ad
1627,ad/train/ad-814-part3.wav,ad
1628,ad/train/ad-824-part1.wav,ad
1629,ad/train/ad-925-part3.wav,ad
1630,ad/train/ad-2254-part2.wav,ad
1631,ad/train/ad-749-part1.wav,ad
1632,ad/train/ad-1377-part2.wav,ad
1633,ad/train/ad-1172-part2.wav,ad
1634,ad/train/ad-1999-part2.wav,ad
1635,ad/train/ad-559-part4.wav,ad
1636,ad/train/ad-148-part2.wav,ad
1637,ad/train/ad-1548-part3.wav,ad
1638,ad/train/ad-2281-part1.wav,ad
1639,ad/train/ad-1974-part1.wav,ad
1640,ad/train/ad-1458-part4.wav,ad
1641,ad/train/ad-2158-part2.wav,ad
1642,ad/train/ad-119-part2.wav,ad
1643,ad/train/ad-1257-part2.wav,ad
1644,ad/train/ad-193-part3.wav,ad
1645,ad/train/ad-1517-part1.wav,ad
1646,ad/train/ad-1768-part3.wav,ad
1647,ad/train/ad-1082-part3.wav,ad
1648,ad/train/ad-451-part1.wav,ad
1649,ad/train/ad-39-part1.wav,ad
1650,ad/train/ad-8-part1.wav,ad
1651,ad/train/ad-1204-part1.wav,ad
1652,ad/train/ad-1744-part2.wav,ad
1653,ad/train/ad-441-part1.wav,ad
1654,ad/train/ad-1691-part3.wav,ad
1655,ad/train/ad-386-part3.wav,ad
1656,ad/train/ad-116-part1.wav,ad
1657,ad/train/ad-2109-part3.wav,ad
1658,ad/train/ad-2193-part1.wav,ad
1659,ad/train/ad-1661-part2.wav,ad
1660,ad/train/ad-289-part1.wav,ad
1661,ad/train/ad-630-part1.wav,ad
1662,ad/train/ad-1319-part2.wav,ad
1663,ad/train/ad-1036-part2.wav,ad
1664,ad/train/ad-2211-part2.wav,ad
1665,ad/train/ad-234-part1.wav,ad
1666,ad/train/ad-1638-part3.wav,ad
1667,ad/train/ad-2275-part1.wav,ad
1668,ad/train/ad-88-part1.wav,ad
1669,ad/train/ad-303-part1.wav,ad
1670,ad/train/ad-1516-part1.wav,ad
1671,ad/train/ad-1183-part1.wav,ad
1672,ad/train/ad-747-part2.wav,ad
1673,ad/train/ad-1266-part3.wav,ad
1674,ad/train/ad-1505-part3.wav,ad
1675,ad/train/ad-1422-part3.wav,ad
1676,ad/train/ad-29-part4.wav,ad
1677,ad/train/ad-975-part4.wav,ad
1678,ad/train/ad-266-part1.wav,ad
1679,ad/train/ad-2061-part1.wav,ad
1680,ad/train/ad-42-part3.wav,ad
1681,ad/train/ad-1312-part3.wav,ad
1682,ad/train/ad-561-part1.wav,ad
1683,ad/train/ad-757-part2.wav,ad
1684,ad/train/ad-483-part1.wav,ad
1685,ad/train/ad-1405-part2.wav,ad
1686,ad/train/ad-744-part3.wav,ad
1687,ad/train/ad-762-part2.wav,ad
1688,ad/train/ad-1680-part2.wav,ad
1689,ad/train/ad-757-part3.wav,ad
1690,ad/train/ad-1445-part2.wav,ad
1691,ad/train/ad-2340-part1.wav,ad
1692,ad/train/ad-1607-part3.wav,ad
1693,ad/train/ad-502-part4.wav,ad
1694,ad/train/ad-333-part1.wav,ad
1695,ad/train/ad-1509-part3.wav,ad
1696,ad/train/ad-1003-part2.wav,ad
1697,ad/train/ad-1262-part2.wav,ad
1698,ad/train/ad-794-part1.wav,ad
1699,ad/train/ad-2258-part1.wav,ad
1700,ad/train/ad-918-part2.wav,ad
1701,ad/train/ad-325-part2.wav,ad
1702,ad/train/ad-1739-part2.wav,ad
1703,ad/train/ad-1141-part1.wav,ad
1704,ad/train/ad-1759-part1.wav,ad
1705,ad/train/ad-34-part2.wav,ad
1706,ad/train/ad-1407-part2.wav,ad
1707,ad/train/ad-1855-part1.wav,ad
1708,ad/train/ad-405-part2.wav,ad
1709,ad/train/ad-587-part1.wav,ad
1710,ad/train/ad-2153-part1.wav,ad
1711,ad/train/ad-456-part1.wav,ad
1712,ad/train/ad-542-part2.wav,ad
1713,ad/train/ad-743-part3.wav,ad
1714,ad/train/ad-1367-part2.wav,ad
1715,ad/train/ad-350-part4.wav,ad
1716,ad/train/ad-21-part2.wav,ad
1717,ad/train/ad-276-part1.wav,ad
1718,ad/train/ad-2349-part1.wav,ad
1719,ad/train/ad-1230-part2.wav,ad
1720,ad/train/ad-548-part3.wav,ad
1721,ad/train/ad-844-part1.wav,ad
1722,ad/train/ad-2055-part2.wav,ad
1723,ad/train/ad-2121-part2.wav,ad
1724,ad/train/ad-46-part1.wav,ad
1725,ad/train/ad-1683-part2.wav,ad
1726,ad/train/ad-180-part2.wav,ad
1727,ad/train/ad-994-part4.wav,ad
1728,ad/train/ad-2138-part1.wav,ad
1729,ad/train/ad-1808-part1.wav,ad
1730,ad/train/ad-893-part1.wav,ad
1731,ad/train/ad-2027-part2.wav,ad
1732,ad/train/ad-995-part2.wav,ad
1733,ad/train/ad-2057-part1.wav,ad
1734,ad/train/ad-2273-part1.wav,ad
1735,ad/train/ad-32-part2.wav,ad
1736,ad/train/ad-1881-part2.wav,ad
1737,ad/train/ad-1709-part1.wav,ad
1738,ad/train/ad-1872-part2.wav,ad
1739,ad/train/ad-2058-part2.wav,ad
1740,ad/train/ad-1842-part1.wav,ad
1741,ad/train/ad-1665-part1.wav,ad
1742,ad/train/ad-2081-part3.wav,ad
1743,ad/train/ad-2183-part3.wav,ad
1744,ad/train/ad-178-part1.wav,ad
1745,ad/train/ad-1998-part2.wav,ad
1746,ad/train/ad-1266-part2.wav,ad
1747,ad/train/ad-938-part3.wav,ad
1748,ad/train/ad-1437-part2.wav,ad
1749,ad/train/ad-1860-part3.wav,ad
1750,ad/train/ad-1071-part2.wav,ad
1751,ad/train/ad-963-part3.wav,ad
1752,ad/train/ad-2297-part3.wav,ad
1753,ad/train/ad-1318-part1.wav,ad
1754,ad/train/ad-2191-part1.wav,ad
1755,ad/train/ad-1632-part2.wav,ad
1756,ad/train/ad-1015-part2.wav,ad
1757,ad/train/ad-2306-part2.wav,ad
1758,ad/train/ad-736-part1.wav,ad
1759,ad/train/ad-2216-part4.wav,ad
1760,ad/train/ad-1471-part1.wav,ad
1761,ad/train/ad-1594-part2.wav,ad
1762,ad/train/ad-2078-part2.wav,ad
1763,ad/train/ad-1551-part1.wav,ad
1764,ad/train/ad-543-part2.wav,ad
1765,ad/train/ad-2126-part2.wav,ad
1766,ad/train/ad-838-part3.wav,ad
1767,ad/train/ad-1503-part1.wav,ad
1768,ad/train/ad-255-part1.wav,ad
1769,ad/train/ad-1754-part3.wav,ad
1770,ad/train/ad-1564-part3.wav,ad
1771,ad/train/ad-637-part3.wav,ad
1772,ad/train/ad-1389-part3.wav,ad
1773,ad/train/ad-1546-part2.wav,ad
1774,ad/train/ad-1948-part1.wav,ad
1775,ad/train/ad-545-part1.wav,ad
1776,ad/train/ad-1857-part3.wav,ad
1777,ad/train/ad-1142-part1.wav,ad
1778,ad/train/ad-1209-part1.wav,ad
1779,ad/train/ad-287-part3.wav,ad
1780,ad/train/ad-1446-part3.wav,ad
1781,ad/train/ad-1011-part2.wav,ad
1782,ad/train/ad-1172-part4.wav,ad
1783,ad/train/ad-1236-part2.wav,ad
1784,ad/train/ad-1023-part2.wav,ad
1785,ad/train/ad-2044-part5.wav,ad
1786,ad/train/ad-31-part2.wav,ad
1787,ad/train/ad-433-part1.wav,ad
1788,ad/train/ad-1303-part1.wav,ad
1789,ad/train/ad-547-part1.wav,ad
1790,ad/train/ad-1834-part2.wav,ad
1791,ad/train/ad-120-part2.wav,ad
1792,ad/train/ad-726-part3.wav,ad
1793,ad/train/ad-1203-part1.wav,ad
1794,ad/train/ad-2193-part2.wav,ad
1795,ad/train/ad-61-part2.wav,ad
1796,ad/train/ad-892-part2.wav,ad
1797,ad/train/ad-1177-part3.wav,ad
1798,ad/train/ad-2343-part3.wav,ad
1799,ad/train/ad-1810-part1.wav,ad
1800,ad/train/ad-1988-part2.wav,ad
1801,ad/train/ad-1738-part2.wav,ad
1802,ad/train/ad-350-part3.wav,ad
1803,ad/train/ad-1204-part2.wav,ad
1804,ad/train/ad-223-part2.wav,ad
1805,ad/train/ad-111-part4.wav,ad
1806,ad/train/ad-2114-part3.wav,ad
1807,ad/train/ad-1131-part4.wav,ad
1808,ad/train/ad-1491-part1.wav,ad
1809,ad/train/ad-1680-part3.wav,ad
1810,ad/train/ad-2052-part1.wav,ad
1811,ad/train/ad-1846-part1.wav,ad
1812,ad/train/ad-2110-part2.wav,ad
1813,ad/train/ad-1808-part4.wav,ad
1814,ad/train/ad-2264-part1.wav,ad
1815,ad/train/ad-1279-part3.wav,ad
1816,ad/train/ad-1054-part2.wav,ad
1817,ad/train/ad-930-part1.wav,ad
1818,ad/train/ad-2303-part1.wav,ad
1819,ad/train/ad-2336-part3.wav,ad
1820,ad/train/ad-1272-part1.wav,ad
1821,ad/train/ad-668-part2.wav,ad
1822,ad/train/ad-480-part2.wav,ad
1823,ad/train/ad-1912-part3.wav,ad
1824,ad/train/ad-1069-part1.wav,ad
1825,ad/train/ad-318-part2.wav,ad
1826,ad/train/ad-2119-part2.wav,ad
1827,ad/train/ad-1392-part1.wav,ad
1828,ad/train/ad-862-part3.wav,ad
1829,ad/train/ad-1568-part2.wav,ad
1830,ad/train/ad-815-part2.wav,ad
1831,ad/train/ad-1910-part4.wav,ad
1832,ad/train/ad-1325-part1.wav,ad
1833,ad/train/ad-1508-part2.wav,ad
1834,ad/train/ad-96-part3.wav,ad
1835,ad/train/ad-1040-part2.wav,ad
1836,ad/train/ad-1521-part1.wav,ad
1837,ad/train/ad-1119-part1.wav,ad
1838,ad/train/ad-1289-part2.wav,ad
1839,ad/train/ad-651-part2.wav,ad
1840,ad/train/ad-1757-part2.wav,ad
1841,ad/train/ad-119-part3.wav,ad
1842,ad/train/ad-147-part2.wav,ad
1843,ad/train/ad-383-part2.wav,ad
1844,ad/train/ad-884-part2.wav,ad
1845,ad/train/ad-392-part2.wav,ad
1846,ad/train/ad-1570-part1.wav,ad
1847,ad/train/ad-951-part1.wav,ad
1848,ad/train/ad-701-part2.wav,ad
1849,ad/train/ad-1924-part2.wav,ad
1850,ad/train/ad-355-part4.wav,ad
1851,ad/train/ad-2050-part1.wav,ad
1852,ad/train/ad-1171-part2.wav,ad
1853,ad/train/ad-1689-part2.wav,ad
1854,ad/train/ad-284-part2.wav,ad
1855,ad/train/ad-274-part2.wav,ad
1856,ad/train/ad-1538-part1.wav,ad
1857,ad/train/ad-1612-part2.wav,ad
1858,ad/train/ad-989-part2.wav,ad
1859,ad/train/ad-41-part2.wav,ad
1860,ad/train/ad-1343-part2.wav,ad
1861,ad/train/ad-295-part3.wav,ad
1862,ad/train/ad-2023-part4.wav,ad
1863,ad/train/ad-2204-part1.wav,ad
1864,ad/train/ad-449-part3.wav,ad
1865,ad/train/ad-1601-part3.wav,ad
1866,ad/train/ad-1919-part1.wav,ad
1867,ad/train/ad-1777-part1.wav,ad
1868,ad/train/ad-887-part3.wav,ad
1869,ad/train/ad-917-part3.wav,ad
1870,ad/train/ad-374-part3.wav,ad
1871,ad/train/ad-151-part1.wav,ad
1872,ad/train/ad-839-part1.wav,ad
1873,ad/train/ad-564-part4.wav,ad
1874,ad/train/ad-734-part1.wav,ad
1875,ad/train/ad-312-part1.wav,ad
1876,ad/train/ad-1880-part3.wav,ad
1877,ad/train/ad-1501-part4.wav,ad
1878,ad/train/ad-233-part3.wav,ad
1879,ad/train/ad-1327-part1.wav,ad
1880,ad/train/ad-278-part1.wav,ad
1881,ad/train/ad-257-part1.wav,ad
1882,ad/train/ad-1251-part2.wav,ad
1883,ad/train/ad-2012-part1.wav,ad
1884,ad/train/ad-44-part2.wav,ad
1885,ad/train/ad-1794-part1.wav,ad
1886,ad/train/ad-1894-part1.wav,ad
1887,ad/train/ad-1240-part2.wav,ad
1888,ad/train/ad-915-part1.wav,ad
1889,ad/train/ad-1448-part1.wav,ad
1890,ad/train/ad-2335-part2.wav,ad
1891,ad/train/ad-1048-part3.wav,ad
1892,ad/train/ad-211-part2.wav,ad
1893,ad/train/ad-169-part1.wav,ad
1894,ad/train/ad-1560-part3.wav,ad
1895,ad/train/ad-1686-part3.wav,ad
1896,ad/train/ad-710-part2.wav,ad
1897,ad/train/ad-1468-part3.wav,ad
1898,ad/train/ad-1133-part1.wav,ad
1899,ad/train/ad-749-part2.wav,ad
1900,ad/train/ad-1223-part3.wav,ad
1901,ad/train/ad-843-part1.wav,ad
1902,ad/train/ad-2235-part3.wav,ad
1903,ad/train/ad-1981-part1.wav,ad
1904,ad/train/ad-674-part1.wav,ad
1905,ad/train/ad-396-part1.wav,ad
1906,ad/train/ad-878-part1.wav,ad
1907,ad/train/ad-2250-part2.wav,ad
1908,ad/train/ad-1951-part1.wav,ad
1909,ad/train/ad-56-part1.wav,ad
1910,ad/train/ad-1539-part2.wav,ad
1911,ad/train/ad-659-part2.wav,ad
1912,ad/train/ad-1025-part3.wav,ad
1913,ad/train/ad-1353-part1.wav,ad
1914,ad/train/ad-813-part3.wav,ad
1915,ad/train/ad-620-part2.wav,ad
1916,ad/train/ad-1359-part1.wav,ad
1917,ad/train/ad-2308-part1.wav,ad
1918,ad/train/ad-968-part2.wav,ad
1919,ad/train/ad-608-part4.wav,ad
1920,ad/train/ad-50-part2.wav,ad
1921,ad/train/ad-681-part2.wav,ad
1922,ad/train/ad-1472-part2.wav,ad
1923,ad/train/ad-469-part2.wav,ad
1924,ad/train/ad-257-part2.wav,ad
1925,ad/train/ad-1933-part2.wav,ad
1926,ad/train/ad-860-part3.wav,ad
1927,ad/train/ad-2019-part2.wav,ad
1928,ad/train/ad-392-part1.wav,ad
1929,ad/train/ad-1491-part2.wav,ad
1930,ad/train/ad-897-part2.wav,ad
1931,ad/train/ad-493-part1.wav,ad
1932,ad/train/ad-1327-part2.wav,ad
1933,ad/train/ad-553-part1.wav,ad
1934,ad/train/ad-735-part2.wav,ad
1935,ad/train/ad-2146-part3.wav,ad
1936,ad/train/ad-2278-part1.wav,ad
1937,ad/train/ad-1680-part1.wav,ad
1938,ad/train/ad-2236-part3.wav,ad
1939,ad/train/ad-98-part1.wav,ad
1940,ad/train/ad-1939-part3.wav,ad
1941,ad/train/ad-1113-part1.wav,ad
1942,ad/train/ad-1244-part2.wav,ad
1943,ad/train/ad-2002-part5.wav,ad
1944,ad/train/ad-111-part5.wav,ad
1945,ad/train/ad-607-part2.wav,ad
1946,ad/train/ad-1199-part1.wav,ad
1947,ad/train/ad-1979-part1.wav,ad
1948,ad/train/ad-1864-part2.wav,ad
1949,ad/train/ad-256-part2.wav,ad
1950,ad/train/ad-1994-part1.wav,ad
1951,ad/train/ad-508-part2.wav,ad
1952,ad/train/ad-1737-part1.wav,ad
1953,ad/train/ad-1669-part3.wav,ad
1954,ad/train/ad-1711-part3.wav,ad
1955,ad/train/ad-1580-part1.wav,ad
1956,ad/train/ad-976-part1.wav,ad
1957,ad/train/ad-339-part1.wav,ad
1958,ad/train/ad-1534-part3.wav,ad
1959,ad/train/ad-674-part2.wav,ad
1960,ad/train/ad-361-part1.wav,ad
1961,ad/train/ad-269-part1.wav,ad
1962,ad/train/ad-1568-part1.wav,ad
1963,ad/train/ad-1375-part2.wav,ad
1964,ad/train/ad-347-part2.wav,ad
1965,ad/train/ad-1014-part1.wav,ad
1966,ad/train/ad-1161-part3.wav,ad
1967,ad/train/ad-1709-part2.wav,ad
1968,ad/train/ad-351-part1.wav,ad
1969,ad/train/ad-1373-part1.wav,ad
1970,ad/train/ad-562-part1.wav,ad
1971,ad/train/ad-292-part2.wav,ad
1972,ad/train/ad-1487-part4.wav,ad
1973,ad/train/ad-544-part2.wav,ad
1974,ad/train/ad-565-part3.wav,ad
1975,ad/train/ad-172-part3.wav,ad
1976,ad/train/ad-1134-part1.wav,ad
1977,ad/train/ad-102-part2.wav,ad
1978,ad/train/ad-2240-part1.wav,ad
1979,ad/train/ad-1874-part3.wav,ad
1980,ad/train/ad-804-part1.wav,ad
1981,ad/train/ad-1066-part1.wav,ad
1982,ad/train/ad-2220-part2.wav,ad
1983,ad/train/ad-1842-part2.wav,ad
1984,ad/train/ad-1809-part2.wav,ad
1985,ad/train/ad-1151-part2.wav,ad
1986,ad/train/ad-50-part1.wav,ad
1987,ad/train/ad-2063-part1.wav,ad
1988,ad/train/ad-1354-part2.wav,ad
1989,ad/train/ad-1819-part2.wav,ad
1990,ad/train/ad-1323-part3.wav,ad
1991,ad/train/ad-1894-part2.wav,ad
1992,ad/train/ad-1310-part1.wav,ad
1993,ad/train/ad-1448-part2.wav,ad
1994,ad/train/ad-1497-part2.wav,ad
1995,ad/train/ad-389-part3.wav,ad
1996,ad/train/ad-304-part2.wav,ad
1997,ad/train/ad-543-part3.wav,ad
1998,ad/train/ad-2194-part1.wav,ad
1999,ad/train/ad-1673-part4.wav,ad
